Time,,prod16.dc4,prod08.ld5,prod11.dc4,prod34.dc4,prod40.la3,prod50.dc4,prod14.dc4,prod81.dc4,prod03.dc4,prod41.la3
2018/12/10 09:28:00,PST,1.9917,6.1233,3.7783,4.9283,2.8433,1.72,2.3,2.2567,3.025,2.2067
2018/12/10 09:29:00,PST,1.9917,4.3183,3.7783,4.9283,2.8433,1.72,2.3,2.2567,3.025,2.2067
2018/12/10 09:30:00,PST,2.0267,3.99,2.4833,2.8167,2.5383,4.0483,2.315,2.0517,3.045,2.07
2018/12/10 09:31:00,PST,2.065,3.7367,4.7133,3.5817,2.6467,2.5983,2.73,2.5133,3.21,2.0667
2018/12/10 09:32:00,PST,1.9133,6.7883,2.8483,4.1017,2.7567,2.2083,2.63,2.425,2.6967,2.1667
2018/12/10 09:33:00,PST,2.1617,4.0267,4.17,4.03,2.6583,5.0667,2.3383,2.6083,3.9333,2.075
2018/12/10 09:34:00,PST,1.8983,5.3567,6.3233,4.93,2.615,2.18,2.8117,2.5183,3.0933,2.0817
2018/12/10 09:35:00,PST,1.7633,4.0233,2.5283,3.9017,2.73,2.5033,2.4317,2.455,2.9267,2.1567
2018/12/10 09:36:00,PST,1.7167,3.6567,4.29,2.4183,2.7083,5.2633,2.81,2.5733,3.4733,2.1017
2018/12/10 09:37:00,PST,1.735,3.5533,2.4283,5.2983,2.6283,2.3933,2.8033,2.405,3.4883,2.0067
2018/12/10 09:38:00,PST,1.92,4.11,3.8583,5.38,2.67,4.21,2.855,2.6367,3.38,1.9383
2018/12/10 09:39:00,PST,1.735,3.9233,3.4167,3.505,2.9,2.1267,2.545,2.5517,3.5167,2.2867
2018/12/10 09:40:00,PST,1.6817,4.2567,2.8217,2.6783,2.6267,1.8883,2.36,3.5667,4.1633,2.015
2018/12/10 09:41:00,PST,1.5833,3.69,3.9883,2.525,2.85,4.085,2.6,2.5417,2.6467,2.025
2018/12/10 09:42:00,PST,1.6617,6.8767,4.1183,3.7867,2.5183,1.5467,2.485,2.585,3.505,2.265
2018/12/10 09:43:00,PST,1.7067,3.485,4.3433,2.3167,3.57,4.2983,2.6783,2.72,4.0433,1.8333
2018/12/10 09:44:00,PST,1.6767,4.6033,2.8517,6.79,2.76,1.775,2.8817,2.4617,4.7517,2.0917
2018/12/10 09:45:00,PST,1.8783,3.8383,3.2733,3.5733,2.885,1.625,2.1067,2.705,3.4633,2.0367
2018/12/10 09:46:00,PST,1.5567,3.91,3.865,2.625,3.2067,4.04,2.8033,2.4167,2.5333,2.1217
2018/12/10 09:47:00,PST,1.575,4.42,2.44,3.0517,2.83,1.775,2.8483,2.7217,2.7033,1.965
2018/12/10 09:48:00,PST,1.89,7.4233,4.62,1.6517,2.6967,1.8517,2.4567,2.2117,3.7917,2.205
2018/12/10 09:49:00,PST,1.7317,4.8067,6.3433,6.6133,2.92,4.0883,2.6333,2.2233,4.0483,2.2017
2018/12/10 09:50:00,PST,1.5883,6.415,3.8467,2.465,2.525,1.81,2.3783,2.1167,3.3067,2.0483
2018/12/10 09:51:00,PST,1.6783,3.7967,3.82,3.0833,2.835,1.52,2.5317,2.32,3.41,2.1333
2018/12/10 09:52:00,PST,1.555,4.58,2.7017,3.9033,2.6233,1.6533,2.4933,2.2467,5.315,1.8283
2018/12/10 09:53:00,PST,1.74,4.4083,4.8117,2.3867,2.8217,5.4483,2.6683,2.4367,3.1333,2.0733
2018/12/10 09:54:00,PST,1.7483,4.0483,2.955,6.1517,2.5883,1.6167,2.59,2.2267,4.115,2.0217
2018/12/10 09:55:00,PST,1.6667,3.78,3.545,3.0167,2.81,2.14,2.345,2.015,3.7117,2.1017
2018/12/10 09:56:00,PST,1.6267,4.05,5.9317,2.7233,2.5967,1.7633,2.8367,2.0017,4.0333,2.0717
2018/12/10 09:57:00,PST,1.595,4.05,2.7183,3.5133,2.7117,4.2383,4.17,2.3283,4.365,2.2717
2018/12/10 09:58:00,PST,2.6883,3.48785,4.5083,3.25,2.6667,1.9633,2.7967,2.015,4.26,1.9833
2018/12/10 09:59:00,PST,1.5167,4.365,3.0333,3.305,2.575,1.6733,2.5467,2.3867,4.6983,2.0067
2018/12/10 10:00:00,PST,1.7433,3.7417,3.83,2.6467,2.39,2.3767,2.69,2.0,4.01,2.0983
2018/12/10 10:01:00,PST,1.5483,3.185,3.7717,2.8167,2.7033,4.7567,2.7317,2.51,4.3083,2.8717
2018/12/10 10:02:00,PST,1.8833,7.66,3.355,3.495,2.97,2.59,2.7733,2.5,3.2117,2.2133
2018/12/10 10:03:00,PST,1.77,3.9233,3.355,2.1983,2.8167,3.0433,2.5967,2.5,2.975,2.235
2018/12/10 10:04:00,PST,1.805,4.25,3.36205,6.4967,2.9,4.5049,2.78,2.473,3.9767,2.2767
2018/12/10 10:05:00,PST,1.6833,5.0383,5.5733,2.87,3.1717,3.7407,2.645,2.56,3.1583,2.4683
2018/12/10 10:06:00,PST,1.6583,5.1483,3.3083,2.4667,2.5517,2.5967,2.4183,2.6483,3.3067,2.3417
2018/12/10 10:07:00,PST,14.5574,3.9917,3.495,6.5817,3.5033,2.8717,2.7933,2.4617,3.0333,1.9967
2018/12/10 10:08:00,PST,6.7068,5.4017,4.6567,1.99,2.8017,2.575,2.5033,2.6133,3.3183,2.2133
2018/12/10 10:09:00,PST,1.6683,4.525,2.4467,3.5467,3.2783,5.335,2.7383,2.5,13.4167,2.3267
2018/12/10 10:10:00,PST,1.795,5.5317,4.4767,2.5683,3.115,2.015,2.6517,2.5867,2.89,1.8633
2018/12/10 10:11:00,PST,20.0367,5.5317,5.4583,6.7433,2.99,1.995,2.5517,2.5117,3.13,2.1933
2018/12/10 10:12:00,PST,10.2233,6.0525,3.3167,3.705,3.21,2.1433,2.8117,2.5467,3.1917,2.2283
2018/12/10 10:13:00,PST,9.4017,5.7417,4.3683,1.83,3.4433,2.0183,2.95,2.445,3.2183,1.9983
2018/12/10 10:14:00,PST,1.765,4.3217,2.4367,2.97,2.9133,3.88,2.915,3.6117,4.23,2.0667
2018/12/10 10:15:00,PST,4.7967,7.415,4.8,3.9633,3.1667,2.4633,2.3133,2.3683,2.9317,2.215
2018/12/10 10:16:00,PST,14.5283,3.8183,2.7117,4.505,2.8017,2.205,2.505,2.5717,3.4117,2.0033
2018/12/10 10:17:00,PST,1.72,5.4967,4.425,2.9267,3.195,2.3,2.61,2.3433,2.825,2.1533
2018/12/10 10:18:00,PST,2.0083,5.5517,5.64,2.6717,2.51,2.0883,2.6983,2.0267,3.1583,2.0217
2018/12/10 10:19:00,PST,3.1083,4.12,2.195,3.5717,2.7783,4.2217,2.9133,2.065,2.3133,2.1467
2018/12/10 10:20:00,PST,10.3467,5.5533,4.2233,2.9967,2.545,2.1917,2.8683,2.0883,4.0733,2.2583
2018/12/10 10:21:00,PST,12.5167,4.3783,3.91,4.4817,2.5367,2.6033,2.9483,2.0833,2.8767,2.0883
2018/12/10 10:22:00,PST,4.99,4.7,4.455,3.725,2.415,2.5683,4.0067,2.3183,3.71,2.18
2018/12/10 10:23:00,PST,10.7883,4.1383,3.99,2.3233,2.745,4.645,2.9033,2.23,2.9017,1.9733
2018/12/10 10:24:00,PST,16.08,6.125,2.44,4.17,2.4917,2.0617,3.35,1.995,3.0867,2.13
2018/12/10 10:25:00,PST,6.61,4.7633,4.3983,2.8333,3.075,2.045,2.8183,2.0383,2.82,2.26
2018/12/10 10:26:00,PST,17.585,4.2683,4.7017,3.285,2.54,2.3767,3.2367,2.2,2.3183,2.2283
2018/12/10 10:27:00,PST,15.115,6.57,3.8867,3.0667,2.4867,2.3133,3.2867,2.1317,2.5067,1.9683
2018/12/10 10:28:00,PST,8.4517,5.36,3.7833,2.395,2.6217,5.6367,2.9483,2.0067,2.0217,1.875
2018/12/10 10:29:00,PST,17.25,6.8633,2.66,5.8217,2.6283,2.4683,2.9783,2.2567,3.6433,2.0317
2018/12/10 10:30:00,PST,13.6617,3.71,4.345,2.96,2.6117,2.8933,2.8367,2.0,3.1917,2.21
2018/12/10 10:31:00,PST,6.6217,5.54,2.7333,3.1883,2.72,2.8617,3.015,2.4283,2.9067,2.085
2018/12/10 10:32:00,PST,1.7933,3.7783,3.9267,4.5033,3.3667,5.31,2.8117,2.5717,2.555,2.1367
2018/12/10 10:33:00,PST,2.1933,3.8667,3.445,2.8383,2.4733,3.02,2.7433,2.54,2.7783,2.21
2018/12/10 10:34:00,PST,15.6833,3.9867,5.2983,4.385,2.6583,2.5183,2.6467,2.555,3.37,2.1083
2018/12/10 10:35:00,PST,4.71,3.565,4.445,4.995,3.155,2.4817,2.7883,2.3667,3.4383,2.06
2018/12/10 10:36:00,PST,1.7217,4.9283,2.2483,3.8133,2.5017,4.5583,2.8333,2.545,3.3583,2.0883
2018/12/10 10:37:00,PST,2.5167,4.4117,4.4533,5.9717,2.5917,2.8383,2.92,2.3667,3.855,2.1433
2018/12/10 10:38:00,PST,20.1783,3.6217,3.8783,5.3233,2.6517,2.365,2.785,2.435,3.58,2.1033
2018/12/10 10:39:00,PST,13.1567,4.13,3.2283,4.8583,2.68,2.51,2.4133,2.3983,2.565,2.2183
2018/12/10 10:40:00,PST,8.2017,5.235,4.0083,3.8017,2.6,4.26,2.7,2.4783,3.0833,2.0067
2018/12/10 10:41:00,PST,17.5017,3.44,4.6267,3.5267,2.6883,2.1083,2.5217,2.565,3.0067,2.0633
2018/12/10 10:42:00,PST,10.8167,3.6083,4.425,7.48,2.5,2.0083,2.8117,2.6817,2.9783,2.0533
2018/12/10 10:43:00,PST,7.9917,3.8867,3.385,2.1,2.9067,1.9217,2.765,2.425,4.215,2.585
2018/12/10 10:44:00,PST,1.885,3.6267,3.515,3.275,2.6833,4.38,2.2117,2.3917,3.1333,1.8983
2018/12/10 10:45:00,PST,2.945,7.1667,4.195,3.6417,2.9283,2.085,2.5017,2.4467,3.1183,2.28
2018/12/10 10:46:00,PST,18.3767,5.585,2.3,2.9367,2.4633,2.2783,2.6933,2.4683,2.8883,2.11
2018/12/10 10:47:00,PST,14.0167,7.165,4.9067,3.3017,3.1317,2.2567,2.6833,2.4233,2.21,2.19
2018/12/10 10:48:00,PST,8.0117,4.3517,5.1,2.5733,2.84,2.1917,2.2083,2.145,2.84,2.1033
2018/12/10 10:49:00,PST,15.445,6.0517,4.1767,7.3283,2.695,4.3483,2.42,2.1583,3.18,2.1317
2018/12/10 10:50:00,PST,2.05,4.2233,3.5067,2.8,2.6717,1.9667,3.435,2.2433,2.5383,2.1683
2018/12/10 10:51:00,PST,16.31,3.9933,2.5567,2.8933,2.915,2.0717,2.6517,2.1083,3.6417,2.09
2018/12/10 10:52:00,PST,3.1667,4.0383,4.0867,3.4133,2.665,1.96,2.8383,3.4283,4.175,2.0133
2018/12/10 10:53:00,PST,1.9817,4.55,4.315,2.2133,2.675,4.5167,2.8183,2.3317,2.8083,2.1383
2018/12/10 10:54:00,PST,1.89,4.6683,5.1083,6.5883,2.7317,1.9233,2.1967,2.2217,3.4967,2.0483
2018/12/10 10:55:00,PST,1.905,3.7733,5.7133,2.5683,2.7333,2.1033,2.6267,2.035,3.4917,2.05
2018/12/10 10:56:00,PST,1.8267,3.9567,3.0133,4.6183,2.6183,5.5283,2.8183,2.2033,3.2717,2.0217
2018/12/10 10:57:00,PST,1.7683,5.0867,4.2383,3.4783,2.6017,2.1267,2.6683,2.1567,3.0583,2.0817
2018/12/10 10:58:00,PST,1.9333,4.1367,2.375,2.7033,2.645,4.165,2.8083,2.26,3.8033,1.9967
2018/12/10 10:59:00,PST,1.8033,5.035,4.1033,3.3083,2.7017,2.4433,2.1,2.195,3.1617,2.0
2018/12/10 11:00:00,PST,1.9433,4.515,2.9683,4.7533,3.0933,3.24,2.565,2.2167,3.8583,2.34
2018/12/10 11:01:00,PST,1.775,4.12,3.9467,5.7683,2.7983,4.6167,3.21,2.3933,3.4167,2.1967
2018/12/10 11:02:00,PST,1.7483,3.6783,4.615,3.6133,2.7967,2.6917,2.7883,2.5833,3.0017,2.2717
2018/12/10 11:03:00,PST,2.2183,6.6283,4.785,2.355,2.6667,2.7667,2.645,2.5517,3.32,2.4033
2018/12/10 11:04:00,PST,1.8333,3.8067,4.3633,3.6817,2.7817,2.7,2.2383,2.49,3.1283,2.38
2018/12/10 11:05:00,PST,1.7967,5.77,4.1483,4.3317,3.1233,4.7852,2.5133,2.425,3.4883,2.285
2018/12/10 11:06:00,PST,1.6333,4.6317,3.14,3.3033,2.5883,3.4339,2.7017,2.455,3.3917,2.3367
2018/12/10 11:07:00,PST,1.7217,6.25,4.3467,4.18,2.8717,3.0267,2.6683,2.455,3.96,2.1083
2018/12/10 11:08:00,PST,1.765,4.2117,2.515,3.625,3.1333,5.0017,2.5183,2.59,2.8083,2.2
2018/12/10 11:09:00,PST,1.67,5.0233,4.0983,6.2567,3.39,2.2233,2.3,2.3567,3.8417,2.0583
2018/12/10 11:10:00,PST,1.6933,3.9017,5.5517,4.3517,2.94,1.9617,2.655,2.5783,2.5717,2.1817
2018/12/10 11:11:00,PST,1.615,7.0633,3.0233,3.0233,3.1533,4.295,2.74,2.42,2.7317,2.0717
2018/12/10 11:12:00,PST,1.685,3.755,4.0667,3.4217,3.0483,2.2367,2.855,2.5467,3.7,2.1967
2018/12/10 11:13:00,PST,2.3317,4.2233,2.5,2.395,3.2617,2.47,2.7033,2.5,3.255,1.9333
2018/12/10 11:14:00,PST,20.035,3.5567,4.33,4.43,2.965,5.3083,2.5867,2.37,4.0917,2.1717
2018/12/10 11:15:00,PST,10.6733,5.7517,3.18,3.675,3.055,2.1683,2.7683,2.24,3.6733,2.43
2018/12/10 11:16:00,PST,8.8683,4.1867,3.3233,2.2317,2.6183,1.9133,4.0267,2.39,15.0467,2.045
2018/12/10 11:17:00,PST,1.58,3.84,6.2567,4.9617,3.48,4.08,2.7333,2.3667,2.68,1.95
2018/12/10 11:18:00,PST,9.5683,3.8767,2.475,3.7683,2.4167,1.9433,2.5117,2.2667,2.7017,2.3167
2018/12/10 11:19:00,PST,11.045,4.535,4.4267,2.4783,2.7083,1.945,2.45,2.0183,2.12,2.0633
2018/12/10 11:20:00,PST,17.2033,5.3183,2.8417,6.43,2.8233,1.9433,2.585,2.0417,2.8283,2.2283
2018/12/10 11:21:00,PST,1.63,4.3633,3.4583,2.81,2.8833,3.87,2.4767,2.1567,3.66,2.08
2018/12/10 11:22:00,PST,1.895,4.5667,3.95,4.3783,2.7867,2.0767,2.705,2.0833,2.35,1.9783
2018/12/10 11:23:00,PST,18.5083,4.885,2.355,2.48,2.7883,2.0133,2.6717,2.11,2.685,2.1
2018/12/10 11:24:00,PST,1.905,3.945,4.33,3.385,3.295,3.9312,2.4483,2.24,3.2233,2.4733
2018/12/10 11:25:00,PST,2.7967,3.7467,5.85,4.8517,2.7483,1.8848,2.7383,1.8833,2.6017,1.9367
2018/12/10 11:26:00,PST,18.5967,4.4583,4.185,3.7617,2.6967,2.155,2.4917,2.3717,2.4783,2.7717
2018/12/10 11:27:00,PST,12.6333,3.6583,4.2717,4.155,2.7016,4.0,2.7433,2.19,2.5517,2.0683
2018/12/10 11:28:00,PST,6.9617,5.4167,2.3617,2.3317,2.6881,2.1633,2.6033,2.205,2.8917,1.9717
2018/12/10 11:29:00,PST,1.7133,3.6467,4.7067,3.5283,2.705,1.7067,2.2967,2.3833,4.0033,2.2667
2018/12/10 11:30:00,PST,14.9967,3.6067,3.0217,2.3083,2.58,4.77,2.315,3.5,3.4867,2.2283
2018/12/10 11:31:00,PST,5.7533,4.46,3.7483,2.4183,2.8783,2.53,2.4917,2.235,2.8633,2.0483
2018/12/10 11:32:00,PST,1.5583,3.885,6.345,3.0933,2.725,2.8033,2.4717,2.5217,2.44,2.0
2018/12/10 11:33:00,PST,15.6733,3.3633,2.23,2.0933,2.6733,5.015,2.4667,2.5367,2.5033,2.1117
2018/12/10 11:34:00,PST,5.6517,3.4267,5.0417,3.4433,2.755,2.41,2.5683,2.4667,2.5633,2.2667
2018/12/10 11:35:00,PST,1.6183,6.25,3.7367,2.84,2.6583,2.36,2.2433,2.2217,2.05,1.9633
2018/12/10 11:36:00,PST,14.415,3.6317,3.6617,2.3283,2.575,4.7867,2.525,2.425,3.6367,2.3567
2018/12/10 11:37:00,PST,7.6667,3.525,4.585,4.2167,2.8,2.4467,2.575,2.375,3.165,1.88
2018/12/10 11:38:00,PST,16.0667,3.8467,2.69,2.1117,2.665,2.1583,2.3017,2.56,2.9267,2.0767
2018/12/10 11:39:00,PST,13.7217,3.1667,7.125,4.11,2.585,2.05,2.5267,2.3317,3.8717,2.1017
2018/12/10 11:40:00,PST,4.3667,3.53,3.9467,3.2233,2.6417,4.8317,2.035,2.3117,2.4467,2.0533
2018/12/10 11:41:00,PST,1.5183,5.6567,4.05,2.6567,3.0133,2.03,2.4533,2.6417,2.69,2.0017
2018/12/10 11:42:00,PST,18.7,3.5833,4.8233,3.4767,2.5767,2.135,2.54,2.68,2.87,2.2217
2018/12/10 11:43:00,PST,2.4833,5.1983,2.5283,2.64,2.855,4.2817,3.2883,2.6133,2.81,2.005
2018/12/10 11:44:00,PST,1.6883,3.5917,5.1467,3.7333,2.5667,2.245,2.4567,2.5317,3.2133,1.9933
2018/12/10 11:45:00,PST,18.4517,3.1317,6.0983,2.3983,2.5767,1.9733,2.2517,2.35,2.8533,2.1267
2018/12/10 11:46:00,PST,9.3233,4.7567,3.4317,2.6817,2.6533,4.2733,2.3417,2.505,2.4067,2.05
2018/12/10 11:47:00,PST,9.6617,3.4117,5.365,3.01,3.4933,2.3083,2.58,2.44,2.6633,2.0383
2018/12/10 11:48:00,PST,17.07,3.145,2.3783,2.3333,3.5083,2.3717,2.6467,2.1967,2.6467,2.19
2018/12/10 11:49:00,PST,2.08,3.3633,5.46,3.085,2.6717,4.1383,2.605,2.1033,2.8683,2.1267
2018/12/10 11:50:00,PST,2.0233,3.935,3.4017,2.3917,2.5383,2.1283,2.3833,2.0017,3.2983,1.975
2018/12/10 11:51:00,PST,19.55,4.3,5.3117,3.1267,2.6317,2.21,2.255,2.1817,3.2983,2.235
2018/12/10 11:52:00,PST,11.2317,3.9017,4.78,4.325,2.9733,2.7283,2.8017,2.1033,2.9218,1.9883
2018/12/10 11:53:00,PST,8.485,5.28,2.78,2.1583,2.9317,3.0967,2.55,2.2583,3.075,2.0683
2018/12/10 11:54:00,PST,1.7,3.2533,4.875,3.44,2.8083,1.9867,2.4633,2.62,3.2217,2.01
2018/12/10 11:55:00,PST,1.7267,3.3267,3.4767,1.7667,2.8567,11.8617,2.97,2.1383,3.4817,2.1367
2018/12/10 11:56:00,PST,10.26,4.5933,3.7583,3.01,2.61,2.0433,2.41,2.1917,2.5667,2.0483
2018/12/10 11:57:00,PST,9.7233,3.3883,7.915,3.085,2.8333,1.9383,2.595,2.2967,2.7417,2.255
2018/12/10 11:58:00,PST,18.8533,3.8517,4.29,2.12,2.8183,4.1133,2.815,1.995,2.305,2.0167
2018/12/10 11:59:00,PST,10.05,3.44,5.34,3.0783,2.7417,1.8783,2.5517,2.1267,2.5367,2.0833
2018/12/10 12:00:00,PST,9.89,3.515,3.485,3.5683,2.6567,2.4867,2.575,2.3083,1.86,2.3683
2018/12/10 12:01:00,PST,1.5217,3.77,3.6483,2.7283,2.7333,4.9067,2.4817,2.5467,1.8917,2.2783
2018/12/10 12:02:00,PST,1.755,3.8467,4.7317,2.4733,2.8783,2.8717,2.8167,2.595,2.2883,2.25
2018/12/10 12:03:00,PST,1.8667,5.76,4.34,2.9883,2.89,2.67,2.59,2.5817,2.185,2.1933
2018/12/10 12:04:00,PST,1.8617,3.5933,5.3317,3.2783,3.09,5.445,2.61,2.6317,1.935,2.4167
2018/12/10 12:05:00,PST,11.1633,3.2417,4.3767,2.295,2.7883,3.015,2.52,2.3233,1.7583,2.2967
2018/12/10 12:06:00,PST,9.3867,3.5533,3.3783,3.725,2.7067,4.9262,2.3883,2.655,1.665,2.3117
2018/12/10 12:07:00,PST,1.65,4.87,4.59,4.0217,2.7967,2.6356,2.6367,2.5133,1.91,2.3133
2018/12/10 12:08:00,PST,1.9483,5.3317,2.5817,3.2,3.095,2.945,2.64,3.76,1.8817,2.5567
2018/12/10 12:09:00,PST,1.8082,3.51,7.2317,4.7467,3.0783,4.6517,2.4533,2.565,2.5383,2.045
2018/12/10 12:10:00,PST,14.7867,4.0083,3.855,2.71,3.2017,2.0771,2.7,2.4917,1.6417,2.04
2018/12/10 12:11:00,PST,7.5733,4.26,3.4583,4.5167,3.1,2.0356,2.255,2.7,1.59,2.07
2018/12/10 12:12:00,PST,17.81,3.265,4.405,3.48,3.7767,2.3467,3.39,2.6617,1.52,2.0283
2018/12/10 12:13:00,PST,1.7167,4.6333,2.8417,2.9733,3.1117,4.2383,2.5183,2.405,2.3717,2.0067
2018/12/10 12:14:00,PST,4.8817,3.22,4.385,4.9767,3.085,1.9817,2.4683,2.5933,2.6033,2.1267
2018/12/10 12:15:00,PST,17.2217,3.145,5.8933,3.32,2.9317,2.29,2.6533,2.595,1.61,2.2383
2018/12/10 12:16:00,PST,14.9583,3.735,3.7033,3.8283,2.5967,4.7467,2.3383,2.685,1.8717,2.155
2018/12/10 12:17:00,PST,7.765,3.215,4.9217,3.6983,2.975,1.805,2.7517,2.3817,1.585,2.0383
2018/12/10 12:18:00,PST,15.34,3.02,2.6683,4.9933,3.11,2.3967,2.88,2.3867,2.4467,2.3517
2018/12/10 12:19:00,PST,1.725,3.705,5.12,3.3167,2.6867,2.235,2.8417,1.97,2.2133,2.1483
2018/12/10 12:20:00,PST,9.31,5.275,3.6983,2.8767,2.6567,6.1733,2.6283,2.0067,1.9567,2.3183
2018/12/10 12:21:00,PST,9.285,3.3283,5.6367,3.0567,2.6517,1.785,2.325,2.115,2.465,2.105
2018/12/10 12:22:00,PST,17.24,5.53,4.705,4.445,2.7967,1.9183,2.5,2.025,1.825,2.135
2018/12/10 12:23:00,PST,1.845,5.605,2.6367,4.5783,2.9367,4.1717,2.5533,2.12,2.1833,2.0333
2018/12/10 12:24:00,PST,2.11,3.2983,4.4117,4.5983,2.75,1.8717,2.6133,2.3633,2.3817,2.0433
2018/12/10 12:25:00,PST,18.2383,3.7383,2.9583,2.6317,2.7233,2.2233,2.6067,2.1233,1.7017,2.195
2018/12/10 12:26:00,PST,11.5617,3.645,3.6067,2.565,2.4733,2.12,2.435,2.3367,1.8917,1.9933
2018/12/10 12:27:00,PST,8.87,4.5633,4.2433,2.915,2.7567,4.525,2.5,2.1367,2.38,2.2183
2018/12/10 12:28:00,PST,1.7483,4.9917,2.19,2.4367,2.655,1.7733,2.58,2.2683,2.2983,2.0733
2018/12/10 12:29:00,PST,15.335,5.1383,6.7233,5.085,2.695,1.9633,2.605,1.9817,2.425,2.26
2018/12/10 12:30:00,PST,5.3217,3.17,4.5167,2.555,2.625,2.6933,2.88,2.3617,2.1033,2.1717
2018/12/10 12:31:00,PST,16.655,4.045,3.9033,2.5383,2.625,2.5583,2.3583,2.455,2.0483,2.0267
2018/12/10 12:32:00,PST,13.305,3.955,4.32,3.7333,2.8317,4.8567,2.74,2.455,1.8767,2.105
2018/12/10 12:33:00,PST,4.5867,2.995,2.6317,3.3033,2.7717,2.4983,2.6317,2.4933,2.68,2.2117
2018/12/10 12:34:00,PST,1.7267,3.66,4.5867,3.7983,2.8917,2.3574,2.7317,2.67,2.2317,1.98
2018/12/10 12:35:00,PST,18.0317,3.425,3.46,2.6183,3.31,4.5333,2.81,2.2667,1.8717,2.215
2018/12/10 12:36:00,PST,7.53,2.9033,5.65,2.9783,2.6,2.61,2.1417,2.42,1.7617,2.1733
2018/12/10 12:37:00,PST,11.9283,6.0017,3.9833,2.5833,2.7717,2.5915,2.55,2.5467,8.96,2.1133
2018/12/10 12:38:00,PST,1.775,3.9817,1.9517,3.0433,2.6483,3.89,2.4867,2.47,3.4983,2.1083
2018/12/10 12:39:00,PST,12.01,2.99,4.3017,3.05,2.6567,2.1098,3.39,2.62,1.655,2.1767
2018/12/10 12:40:00,PST,9.0567,3.4633,2.9083,3.875,2.5033,3.6467,2.5867,2.785,1.9167,2.005
2018/12/10 12:41:00,PST,14.6317,3.5217,3.0883,3.5517,2.9117,2.0183,2.155,2.6533,1.9,2.155
2018/12/10 12:42:00,PST,1.8667,3.0667,4.1717,3.14,2.65,3.9917,2.36,2.6367,1.4933,2.2483
2018/12/10 12:43:00,PST,2.5633,3.845,2.11,3.4,2.7967,1.915,2.4983,2.2733,2.1067,1.9883
2018/12/10 12:44:00,PST,17.3417,3.3933,4.2533,3.6717,2.8167,4.2567,2.485,2.6733,2.2583,1.985
2018/12/10 12:45:00,PST,1.685,2.86,2.7617,2.7833,2.6317,1.7483,2.5733,3.81,1.795,2.27
2018/12/10 12:46:00,PST,3.9483,3.8183,5.1733,3.16,2.6717,4.3633,2.8983,2.3183,1.46,2.0183
2018/12/10 12:47:00,PST,15.7433,4.46,3.4333,2.8233,2.8683,1.9667,2.8717,2.4417,1.6467,2.3333
2018/12/10 12:48:00,PST,1.7133,2.9633,2.6483,2.4267,2.9933,4.2617,3.0533,2.09,1.8133,2.2267
2018/12/10 12:49:00,PST,6.335,3.6517,5.405,4.24,2.8883,1.9417,2.8767,2.01,1.74,2.6433
2018/12/10 12:50:00,PST,13.5433,4.2133,2.2883,3.23,2.645,4.155,2.9517,2.2833,2.6533,2.265
2018/12/10 12:51:00,PST,18.2417,2.9683,4.035,3.7383,2.7717,1.825,2.61,2.8817,3.4267,2.0967
2018/12/10 12:52:00,PST,7.88,4.815,4.09,4.655,2.8967,4.0717,2.8033,2.34,1.48,1.9967
2018/12/10 12:53:00,PST,14.1667,4.29,3.225,3.705,2.8467,1.8233,2.805,2.2083,2.025,2.1167
2018/12/10 12:54:00,PST,17.93,2.8633,6.4867,4.0133,2.7483,2.1167,2.8417,2.3083,1.8433,1.9883
2018/12/10 12:55:00,PST,7.0733,5.36,2.3217,2.2517,2.6667,4.1017,3.1117,2.375,1.8783,2.185
2018/12/10 12:56:00,PST,12.6683,3.9633,3.8983,2.5517,2.8133,2.1967,2.8083,2.1133,1.6967,2.1467
2018/12/10 12:57:00,PST,1.8833,2.9683,3.2217,2.5083,2.7667,2.195,2.665,2.2433,1.3617,2.26
2018/12/10 12:58:00,PST,1.88,3.495,3.11,2.165,2.79,5.2533,2.8383,1.9217,2.1967,1.96
2018/12/10 12:59:00,PST,19.9217,3.26,4.2067,3.01,3.07,2.13,3.02,2.0017,2.2767,2.0067
2018/12/10 13:00:00,PST,1.7917,3.135,2.1433,3.0217,2.655,4.5917,3.2283,2.275,1.7583,2.395
2018/12/10 13:01:00,PST,1.5083,4.0383,5.2817,3.5467,2.7617,2.6833,3.1667,2.4767,1.325,2.2383
2018/12/10 13:02:00,PST,3.4367,3.515,4.77,2.3483,2.825,2.8583,3.1833,2.4783,1.6117,2.2317
2018/12/10 13:03:00,PST,18.5717,3.7817,6.0,1.9217,2.9433,4.6433,2.4967,2.5467,1.8517,2.265
2018/12/10 13:04:00,PST,14.8917,3.5867,4.63,3.315,2.8783,2.525,2.6467,2.3917,2.215,2.385
2018/12/10 13:05:00,PST,5.0333,3.235,1.9467,2.065,2.91,2.4217,2.89,2.3283,1.805,2.5
2018/12/10 13:06:00,PST,1.9367,3.5367,4.0933,3.6117,2.58,5.035,2.235,2.6383,1.5083,2.3417
2018/12/10 13:07:00,PST,1.7017,5.3267,2.6167,2.7867,2.7283,2.225,2.5733,2.4767,1.62,2.275
2018/12/10 13:08:00,PST,3.4317,4.0983,3.0133,2.6633,3.1383,2.35,3.38,2.5617,2.0817,2.1867
2018/12/10 13:09:00,PST,18.5133,3.32,3.915,3.3467,3.1767,4.6583,2.3917,2.335,2.0117,2.2033
2018/12/10 13:10:00,PST,14.015,3.5233,1.7833,2.9433,3.1617,1.7217,2.5883,2.2433,1.79,2.135
2018/12/10 13:11:00,PST,5.48,3.56,4.2183,5.165,3.97,1.7667,2.135,2.69,2.1533,2.1517
2018/12/10 13:12:00,PST,1.69,3.1133,3.36,2.75,3.6167,4.49,2.565,2.6067,1.6267,2.1617
2018/12/10 13:13:00,PST,17.375,3.99,5.78,2.1417,3.2333,2.1067,2.55,2.405,2.175,2.3267
2018/12/10 13:14:00,PST,2.5717,3.6367,3.6817,2.765,3.2283,1.9733,2.4917,2.3833,3.385,2.3133
2018/12/10 13:15:00,PST,1.7983,4.7217,2.4717,1.7133,2.8017,2.0317,2.8117,2.405,1.9783,2.3967
2018/12/10 13:16:00,PST,14.1333,3.9833,4.0017,3.4667,2.54,1.73,2.81,2.5467,1.805,2.0383
2018/12/10 13:17:00,PST,8.4617,5.4667,2.38,2.3633,2.83,4.325,3.155,2.4567,2.0883,2.1717
2018/12/10 13:18:00,PST,14.8467,3.6,5.455,4.2267,2.6967,1.9533,2.7567,2.0967,1.74,2.17
2018/12/10 13:19:00,PST,1.9967,3.69,3.2683,3.095,4.5783,2.2283,3.22,2.1283,1.9383,2.1317
2018/12/10 13:20:00,PST,4.37,3.68,3.005,1.845,2.58,2.1767,2.9983,2.2917,2.415,2.185
2018/12/10 13:21:00,PST,15.6767,3.7817,4.6133,3.24,2.635,1.8433,2.5617,3.6133,1.7233,2.28
2018/12/10 13:22:00,PST,1.5567,3.1783,4.2417,2.635,2.7283,1.9983,2.875,2.085,1.4433,1.975
2018/12/10 13:23:00,PST,7.7733,4.0883,4.3583,2.2033,2.8567,4.21,2.8133,2.1517,2.0733,2.0417
2018/12/10 13:24:00,PST,12.5183,3.5833,3.4033,3.1033,2.6317,2.3133,2.8867,2.02,2.3883,2.1667
2018/12/10 13:25:00,PST,1.59,4.43,3.445,1.8,2.7733,2.3433,2.8,2.3367,1.815,2.0967
2018/12/10 13:26:00,PST,9.67,3.8433,4.01,3.0117,2.4983,2.3283,2.9283,2.1533,1.9917,2.3183
2018/12/10 13:27:00,PST,11.065,4.8517,2.465,2.23,2.7867,3.7783,2.78,2.255,1.425,1.9583
2018/12/10 13:28:00,PST,1.6617,3.255,7.0483,2.3317,2.7133,2.035,2.8817,1.8817,2.43,3.01
2018/12/10 13:29:00,PST,10.7817,5.38,3.0933,3.0283,2.5967,2.1833,3.4433,2.1067,2.19,1.8383
2018/12/10 13:30:00,PST,7.7533,3.0133,3.6533,1.9967,2.8617,2.6767,2.9783,2.4233,2.215,2.2683
2018/12/10 13:31:00,PST,1.6517,3.1383,3.8333,2.5917,2.6383,2.6333,2.6983,2.4533,1.8167,2.0883
2018/12/10 13:32:00,PST,15.535,3.4117,2.4333,1.8433,2.8033,4.645,3.0383,2.5067,1.9833,2.1317
2018/12/10 13:33:00,PST,6.59,4.4133,5.24,3.3667,2.8317,2.5133,2.4883,2.3617,2.1233,2.2067
2018/12/10 13:34:00,PST,15.76,5.435,6.6367,2.7017,2.74,2.7567,2.5683,2.3983,2.035,2.3117
2018/12/10 13:35:00,PST,13.1667,4.8733,4.47,2.6533,2.825,2.7567,2.5883,2.3867,2.655,2.2517
2018/12/10 13:36:00,PST,5.1133,4.3733,3.8817,2.9267,2.6767,4.0217,2.48,2.57,2.3983,2.1967
2018/12/10 13:37:00,PST,15.11,3.505,3.045,2.035,3.0333,2.1933,4.0833,2.3933,2.1183,1.8767
2018/12/10 13:38:00,PST,1.7383,4.1817,5.015,2.7233,2.725,2.1517,2.195,2.4367,2.15,2.1817
2018/12/10 13:39:00,PST,8.1467,3.19,2.765,2.18,2.705,2.4233,2.5233,2.365,2.33,2.2217
2018/12/10 13:40:00,PST,12.7983,4.8167,4.1583,2.4533,2.6583,2.0533,2.3717,2.555,1.845,2.0017
2018/12/10 13:41:00,PST,18.0517,4.2567,6.2883,4.6983,2.6667,5.0267,2.255,2.5283,1.6183,2.3283
2018/12/10 13:42:00,PST,6.9933,3.06,3.1133,2.44,2.58,2.335,2.3983,2.4383,1.4533,2.1683
2018/12/10 13:43:00,PST,11.78,5.2683,4.1283,2.8317,3.2033,1.995,2.5667,2.6517,2.4483,1.9717
2018/12/10 13:44:00,PST,16.6833,3.8,2.275,2.0583,2.4717,4.8883,2.4483,2.375,2.4367,2.1867
2018/12/10 13:45:00,PST,2.7,3.0,4.6917,2.24,2.8667,2.5217,2.4883,2.2317,2.2017,2.3617
2018/12/10 13:46:00,PST,1.575,4.3917,2.79,4.2117,2.7017,3.9467,2.605,2.665,1.7067,2.125
2018/12/10 13:47:00,PST,16.9117,5.7717,3.465,1.725,2.815,2.12,3.0017,2.235,1.6283,2.1067
2018/12/10 13:48:00,PST,2.6517,3.5467,6.7383,4.2917,2.76,2.0683,2.7217,2.0283,2.11,2.27
2018/12/10 13:49:00,PST,1.5867,3.2167,2.195,3.6917,3.2933,4.6417,3.2083,2.03,2.1567,2.795
2018/12/10 13:50:00,PST,15.9167,3.49,4.4617,2.8883,2.5867,1.9383,2.6683,2.2383,2.455,2.3267
2018/12/10 13:51:00,PST,6.5867,3.0033,2.7283,3.3317,2.9117,2.015,2.535,2.1267,2.3067,2.5867
2018/12/10 13:52:00,PST,11.3683,3.38,3.7,1.8467,2.655,5.2633,2.6867,2.1067,1.83,2.3733
2018/12/10 13:53:00,PST,1.9917,5.3533,4.16,2.5833,2.6133,2.995,2.8233,2.3133,2.305,1.7933
2018/12/10 13:54:00,PST,8.9833,3.98,3.1383,2.5717,2.925,5.0733,2.58,2.06,2.3533,2.3833
2018/12/10 13:55:00,PST,6.5767,3.24,4.4533,3.285,2.7833,1.6967,2.5117,2.155,2.175,2.1
2018/12/10 13:56:00,PST,19.1883,5.0767,4.4167,2.855,2.5283,1.965,2.915,2.6267,1.745,2.1817
2018/12/10 13:57:00,PST,7.8,2.7767,4.3033,2.1533,2.77,4.3983,3.0517,2.21,1.6833,2.61
2018/12/10 13:58:00,PST,9.9833,3.1767,3.55,5.085,2.6617,2.7817,2.7083,2.04,1.88,1.76
2018/12/10 13:59:00,PST,1.4517,4.3517,3.5817,4.8917,2.7383,5.1383,2.815,3.165,2.03,2.305
2018/12/10 14:00:00,PST,1.65,3.72,3.9317,4.1283,2.6333,4.3367,2.3833,2.4617,2.3083,2.2817
2018/12/10 14:01:00,PST,1.3883,5.0117,3.0933,4.53,2.61,2.3383,3.11,2.3317,2.08,2.4133
2018/12/10 14:02:00,PST,14.8717,3.595,5.6433,2.5867,2.8683,2.4233,2.6933,2.4567,1.895,2.34
2018/12/10 14:03:00,PST,1.6817,5.6683,5.57,3.6817,2.7983,2.3517,2.3017,2.5717,2.3183,2.5
2018/12/10 14:04:00,PST,1.485,3.5733,4.1017,2.0367,3.02,4.8517,2.64,2.3933,2.2067,3.0583
2018/12/10 14:05:00,PST,1.56,4.7833,4.515,4.2467,3.0267,2.2233,2.1267,2.4067,1.905,2.225
2018/12/10 14:06:00,PST,18.78,3.5833,3.56,4.19,2.755,2.2233,2.3633,2.5983,1.8567,2.385
2018/12/10 14:07:00,PST,7.705,3.1783,5.1883,4.0433,3.4933,2.2329,2.5883,2.49,2.6583,2.305
2018/12/10 14:08:00,PST,11.49,3.5417,2.9233,6.3483,2.8683,5.185,2.2083,2.4017,8.33,2.2383
2018/12/10 14:09:00,PST,1.465,3.3767,4.06,2.73,3.4167,1.9467,2.3183,2.4633,1.8267,2.2783
2018/12/10 14:10:00,PST,7.3217,3.4017,3.94,3.9233,2.9833,1.9267,2.0,2.5417,1.9517,2.1083
2018/12/10 14:11:00,PST,11.5333,5.255,4.4033,4.9883,3.1417,2.325,2.5283,2.525,1.9617,2.1383
2018/12/10 14:12:00,PST,1.5783,3.1617,4.5067,4.2033,6.2167,4.47,2.205,2.4883,1.6317,2.3217
2018/12/10 14:13:00,PST,8.8867,3.6417,2.66,4.1333,3.1,1.88,2.4133,2.7167,2.165,2.1133
2018/12/10 14:14:00,PST,6.52,3.6667,4.475,1.8917,3.25,1.725,3.4183,2.2267,2.1967,2.3167
2018/12/10 14:15:00,PST,1.705,3.26,3.5667,3.31,3.145,1.8067,1.9567,2.3367,1.71,2.3783
2018/12/10 14:16:00,PST,8.6683,4.9217,3.5367,2.8067,2.56,1.6083,2.55,2.6633,1.93,2.1333
2018/12/10 14:17:00,PST,10.0083,4.705,7.1567,2.52,2.915,3.925,2.415,2.1833,1.7133,2.3133
2018/12/10 14:18:00,PST,1.54,3.265,2.6217,3.2017,2.7517,1.9033,2.3167,2.2933,1.9317,2.31
2018/12/10 14:19:00,PST,12.1883,5.7967,4.835,2.3317,3.3517,2.3883,2.6617,2.0367,1.6433,2.4333
2018/12/10 14:20:00,PST,7.4933,8.3533,3.505,3.19,2.7867,1.485,2.1433,2.225,2.225,2.22
2018/12/10 14:21:00,PST,1.5067,5.3317,3.6917,5.435,3.3183,1.6467,2.3167,1.9583,1.56,2.2367
2018/12/10 14:22:00,PST,16.0783,5.325,6.94,3.105,2.6967,3.3567,2.4333,2.26,1.61,2.02
2018/12/10 14:23:00,PST,2.3567,4.0067,2.4267,2.9933,2.9983,1.7217,2.18,2.22,1.9133,2.2367
2018/12/10 14:24:00,PST,1.4867,3.0,4.62,3.175,2.7917,1.7567,2.2967,1.9733,2.1667,2.11
2018/12/10 14:25:00,PST,16.81,4.8233,2.8483,5.9717,2.9933,1.645,2.21,2.09,1.7067,2.2467
2018/12/10 14:26:00,PST,1.7817,3.9133,3.9383,2.4083,2.6317,1.5983,2.4133,2.6867,1.6717,2.305
2018/12/10 14:27:00,PST,1.4967,2.86,3.6217,3.4583,2.665,4.7633,2.675,2.2783,1.5933,2.42
2018/12/10 14:28:00,PST,17.6783,4.8583,3.1367,3.6467,2.7317,1.6933,2.265,2.3033,2.1967,2.15
2018/12/10 14:29:00,PST,1.6333,3.7817,4.45,1.4917,2.715,1.6033,2.3067,2.4033,1.8633,2.0017
2018/12/10 14:30:00,PST,2.3867,4.365,4.7083,4.9583,2.8217,1.9833,2.1767,2.2767,1.9583,2.335
2018/12/10 14:31:00,PST,14.0867,3.7917,6.4217,3.285,2.8417,2.405,2.3167,2.5717,1.6967,2.0417
2018/12/10 14:32:00,PST,1.725,3.5283,3.9167,2.9533,2.8567,3.79,2.7967,2.5017,1.86,2.1133
2018/12/10 14:33:00,PST,6.2033,3.705,3.19,3.1633,2.7533,2.2833,2.5633,2.34,2.0117,2.3817
2018/12/10 14:34:00,PST,13.35,3.61,4.5317,3.5883,2.815,1.9683,2.8667,2.5783,2.095,1.8867
2018/12/10 14:35:00,PST,1.5133,3.18,2.4533,3.6417,2.82,1.9867,2.805,2.3883,2.025,2.3233
2018/12/10 14:36:00,PST,7.5033,3.9433,4.19,3.7267,2.5717,5.2333,2.725,2.4483,2.225,2.2017
2018/12/10 14:37:00,PST,11.2517,5.0083,6.7667,5.0633,2.725,2.175,2.7333,3.9167,1.7283,2.3283
2018/12/10 14:38:00,PST,1.62,3.7033,4.9233,3.71,2.7533,2.2067,2.4533,2.2933,1.98,3.23
2018/12/10 14:39:00,PST,12.2883,4.7533,4.8717,2.3433,2.8583,1.6983,2.6233,2.5233,2.3333,2.0
2018/12/10 14:40:00,PST,10.095,3.33,2.905,2.6017,2.6817,4.0933,2.4267,2.435,1.9967,2.125
2018/12/10 14:41:00,PST,16.6783,3.8367,4.345,2.3733,2.795,1.585,2.735,2.63,1.8783,2.1417
2018/12/10 14:42:00,PST,1.5217,3.1783,3.2983,5.9133,2.65,1.6133,2.6783,2.69,1.975,2.255
2018/12/10 14:43:00,PST,1.9183,4.175,3.58,2.0917,2.8483,1.8017,2.6383,2.4017,2.2083,2.1733
2018/12/10 14:44:00,PST,16.3117,3.32,4.2267,2.9633,3.5233,4.4083,2.7183,2.3883,2.0567,2.125
2018/12/10 14:45:00,PST,1.5333,3.0117,4.5467,5.9817,2.775,1.8833,2.455,2.445,1.8883,2.4167
2018/12/10 14:46:00,PST,2.5233,4.5717,4.5483,2.275,2.6667,1.6817,2.8733,2.5213,1.8267,2.0383
2018/12/10 14:47:00,PST,17.275,6.1783,2.9933,2.8017,2.76,3.67,2.675,2.4542,1.8833,2.135
2018/12/10 14:48:00,PST,1.48,4.165,3.9817,4.2917,2.69,1.6917,2.5633,1.95,2.145,2.4567
2018/12/10 14:49:00,PST,3.6267,3.7583,3.97,2.1267,2.7667,1.5633,3.225,2.1933,1.8267,2.2383
2018/12/10 14:50:00,PST,15.9633,3.495,3.1717,3.1467,3.2217,1.8233,2.3033,2.0117,2.5083,2.1
2018/12/10 14:51:00,PST,1.4033,4.8617,4.475,3.0683,3.0883,1.8867,2.6033,2.03,2.1617,2.36
2018/12/10 14:52:00,PST,5.1533,3.415,4.71,2.9333,2.5667,3.815,2.6367,2.37,1.9833,2.1117
2018/12/10 14:53:00,PST,12.8533,4.0983,3.9833,2.3467,3.0167,1.435,3.0583,2.045,2.2617,2.3483
2018/12/10 14:54:00,PST,1.41,4.2617,3.3533,2.405,2.6967,1.6817,2.4233,2.0367,2.125,2.09
2018/12/10 14:55:00,PST,1.4333,3.1117,3.6617,2.7183,2.65,1.41,1.975,1.9767,1.7833,2.2083
2018/12/10 14:56:00,PST,1.4383,3.5483,6.99,1.5617,2.6167,1.55,2.3717,2.785,1.7383,2.275
2018/12/10 14:57:00,PST,11.6333,5.8833,2.1983,2.0767,2.67,3.0183,2.6067,2.4283,2.1333,2.37
2018/12/10 14:58:00,PST,7.8783,3.2117,4.5467,1.5683,2.7367,2.6217,2.2333,2.8383,2.295,1.9717
2018/12/10 14:59:00,PST,16.015,4.63,3.2583,1.7717,2.7017,1.8117,2.3317,1.9917,1.8183,2.15
2018/12/10 15:00:00,PST,11.47,5.3783,3.535,2.0567,2.815,1.7167,2.1067,2.0633,2.1883,2.4267
2018/12/10 15:01:00,PST,7.515,4.25,5.2117,1.915,3.1483,5.8867,2.5417,2.6617,1.7617,2.3233
2018/12/10 15:02:00,PST,16.4067,3.36,2.3433,4.17,3.075,3.4133,2.705,2.5767,2.11,2.365
2018/12/10 15:03:00,PST,1.6033,4.2017,5.23,1.6483,2.9467,5.18,2.32,2.4459,2.0917,2.375
2018/12/10 15:04:00,PST,1.48,5.0667,5.965,2.2833,2.9083,4.0583,2.525,2.3,1.8133,2.635
2018/12/10 15:05:00,PST,1.5533,3.3033,3.4,2.235,2.9867,4.8183,2.145,2.4333,2.015,2.4
2018/12/10 15:06:00,PST,13.9917,4.8233,3.6483,1.8967,2.6267,2.0883,2.3967,2.2767,2.4067,2.405
2018/12/10 15:07:00,PST,3.095,3.8467,2.4433,2.4017,3.115,4.025,2.4617,2.53,2.085,2.3417
2018/12/10 15:08:00,PST,1.6283,3.4133,4.585,1.9667,2.9667,1.9333,2.2267,2.4607,2.1517,2.235
2018/12/10 15:09:00,PST,15.58,3.7233,3.8783,2.475,3.2633,1.73,2.4,2.4339,2.0267,2.3033
2018/12/10 15:10:00,PST,3.3667,5.005,5.3183,2.14,3.005,4.9067,2.07,2.5066,2.305,2.07
2018/12/10 15:11:00,PST,1.465,3.7267,6.9367,2.4983,3.215,2.2833,2.4767,2.622,2.4517,2.3133
2018/12/10 15:12:00,PST,16.1467,3.6267,2.8467,4.635,2.91,4.7483,2.4433,2.3246,2.1733,2.1233
2018/12/10 15:13:00,PST,2.2533,4.1433,5.2983,2.9833,3.585,4.0033,2.5383,3.8559,1.76,2.9117
2018/12/10 15:14:00,PST,1.5283,4.67,2.8733,2.3883,3.0767,2.02,2.35,2.3033,2.2317,2.2917
2018/12/10 15:15:00,PST,18.5017,3.335,3.73,2.425,2.9633,2.0267,2.1433,2.3567,2.12,2.395
2018/12/10 15:16:00,PST,5.6567,5.4683,4.3833,2.9567,2.7167,4.0583,2.1167,2.4117,1.9517,2.1
2018/12/10 15:17:00,PST,13.0333,3.7133,2.9083,3.2467,2.765,1.9183,2.6267,2.2933,2.0983,2.3283
2018/12/10 15:18:00,PST,1.6383,3.6983,6.5533,1.885,2.57,2.2883,2.37,2.085,1.9317,2.1367
2018/12/10 15:19:00,PST,7.765,4.4133,2.2917,2.1533,2.7517,5.1867,2.3767,2.19,2.005,2.2517
2018/12/10 15:20:00,PST,10.8067,3.7683,3.9,2.3583,2.91,2.1683,2.575,2.035,2.2733,2.1
2018/12/10 15:21:00,PST,1.5383,3.755,3.35,1.9,2.6867,2.08,2.49,2.05,2.0,2.195
2018/12/10 15:22:00,PST,8.3483,3.3333,3.2717,2.3067,2.7267,4.7567,2.25,2.1525,2.1783,2.0983
2018/12/10 15:23:00,PST,9.675,4.6067,3.8,1.3567,2.66,1.8017,2.445,1.9767,2.0767,1.9967
2018/12/10 15:24:00,PST,1.3917,3.5,2.2067,3.3767,2.515,4.8633,2.3483,1.8915,2.15,2.1117
2018/12/10 15:25:00,PST,11.6933,3.3883,4.3417,2.4483,2.8583,2.1267,2.0933,2.0767,1.915,2.0417
2018/12/10 15:26:00,PST,7.5167,3.4917,4.985,4.3417,2.4367,1.915,2.1683,1.9508,2.1917,2.1167
2018/12/10 15:27:00,PST,16.8,4.8933,3.6083,3.16,2.7483,4.4033,2.725,2.4183,2.0533,2.3233
2018/12/10 15:28:00,PST,11.14,3.2083,3.4517,2.1133,3.4417,1.9,2.3167,2.117,2.005,1.95
2018/12/10 15:29:00,PST,8.3967,3.3083,2.8983,3.765,2.3483,2.0367,2.3283,1.9639,2.37,2.1183
2018/12/10 15:30:00,PST,1.52,3.62,4.5133,3.3417,2.695,4.3783,2.44,1.9967,2.0333,2.3033
2018/12/10 15:31:00,PST,14.3017,3.5967,1.7917,2.7433,2.6233,2.9267,2.2583,2.6729,2.0583,2.2
2018/12/10 15:32:00,PST,7.4933,3.0683,3.995,3.1117,2.7533,2.365,2.4317,2.4246,1.99,2.1117
2018/12/10 15:33:00,PST,15.3033,3.8867,3.2233,2.0867,2.8067,4.6333,2.2983,2.325,2.0667,2.1567
2018/12/10 15:34:00,PST,1.31,3.1333,3.135,2.345,2.8617,2.1,2.2983,2.415,2.5433,2.2383
2018/12/10 15:35:00,PST,4.5367,3.11,6.145,3.2083,2.5767,2.3667,3.3967,2.265,2.2283,2.045
2018/12/10 15:36:00,PST,15.02,6.1317,1.81,2.1733,2.6483,4.2,2.0967,2.2233,2.5083,2.1067
2018/12/10 15:37:00,PST,1.3167,3.2067,3.9017,2.835,2.755,2.5483,2.47,2.4533,2.105,1.9633
2018/12/10 15:38:00,PST,7.3067,2.7433,2.835,1.8,2.53,2.225,2.2817,2.5317,1.945,2.235
2018/12/10 15:39:00,PST,12.8183,4.2367,3.49,2.3817,2.6733,4.1633,2.3517,2.4683,2.1617,2.3683
2018/12/10 15:40:00,PST,1.8833,3.41,3.2683,1.4183,2.6567,1.6533,2.33,2.5617,2.145,1.9633
2018/12/10 15:41:00,PST,8.455,3.105,3.3983,2.525,2.7683,2.065,2.2267,2.4133,2.08,2.12
2018/12/10 15:42:00,PST,9.1783,4.0033,5.0417,2.7867,2.555,1.525,2.2817,2.5383,2.1867,2.165
2018/12/10 15:43:00,PST,1.5383,5.4517,4.6783,3.3,2.72,3.9783,2.3917,2.4167,2.3233,2.1283
2018/12/10 15:44:00,PST,10.2717,3.12,3.935,2.8983,2.665,1.8733,2.2617,2.2967,2.3183,2.065
2018/12/10 15:45:00,PST,10.9783,4.7317,3.18,1.6017,2.7033,1.7783,2.4733,2.4933,2.3717,2.355
2018/12/10 15:46:00,PST,1.3683,3.5633,2.9017,2.7333,2.5983,3.5733,2.05,2.3983,2.6217,2.1167
2018/12/10 15:47:00,PST,11.0667,3.36,4.5117,2.2483,2.755,1.6517,2.555,2.2317,2.06,2.13
2018/12/10 15:48:00,PST,9.0017,5.025,2.2833,2.5683,2.735,1.925,2.2133,2.0567,2.1267,2.1283
2018/12/10 15:49:00,PST,1.4933,3.7517,4.3983,2.6567,2.7417,2.1533,2.405,2.0717,2.01,2.2633
2018/12/10 15:50:00,PST,11.64,3.37,2.7467,1.57,2.9667,4.8933,2.505,1.8617,2.4417,2.1467
2018/12/10 15:51:00,PST,6.79,5.03,4.905,3.3317,2.565,1.8367,1.8933,2.15,2.1517,2.2883
2018/12/10 15:52:00,PST,1.38,3.645,3.96,1.97,3.2217,1.7867,2.4817,3.09,2.265,2.5
2018/12/10 15:53:00,PST,17.385,5.5017,2.4883,2.3167,2.5683,1.7933,2.415,2.1067,2.2133,2.1067
2018/12/10 15:54:00,PST,2.4917,4.035,4.4367,2.845,2.8417,3.9833,2.4017,2.11,2.3183,2.1367
2018/12/10 15:55:00,PST,1.3667,5.3067,2.2617,2.9217,2.83,1.7267,2.365,2.1167,2.0467,2.135
2018/12/10 15:56:00,PST,1.465,3.5467,3.6717,3.0383,2.5433,1.6383,2.2,2.1617,2.2317,2.09
2018/12/10 15:57:00,PST,1.5133,5.7,2.9267,1.96,2.59,1.9917,2.3833,2.4667,2.155,2.17
2018/12/10 15:58:00,PST,1.59,5.0133,3.1533,3.2683,2.5683,1.83,2.2818,2.4867,2.2267,2.0883
2018/12/10 15:59:00,PST,16.865,3.485,6.18,2.27,2.8267,3.6933,2.245,2.1417,2.0633,2.0783
2018/12/10 16:00:00,PST,3.7367,3.985,1.9167,1.92,2.5267,1.7867,2.525,2.2383,2.6717,2.345
2018/12/10 16:01:00,PST,1.5517,3.6317,5.0217,2.4714,3.1067,2.96,2.8767,2.7017,2.125,2.1983
2018/12/10 16:02:00,PST,1.4333,3.45,3.5133,2.6383,2.8883,2.395,2.4083,2.4367,2.2483,2.2667
2018/12/10 16:03:00,PST,2.85,7.875,3.7917,2.4217,2.9383,2.3483,2.0283,2.3583,2.1683,2.1367
2018/12/10 16:04:00,PST,16.87,5.475,3.9083,1.9567,2.75,2.4017,2.4633,2.3783,2.13,2.5367
2018/12/10 16:05:00,PST,1.57,3.1717,2.3917,2.39,2.6867,2.22,2.7083,2.425,2.3067,2.5317
2018/12/10 16:06:00,PST,1.3667,5.96,6.5233,1.8267,2.6917,4.3217,2.5017,2.3667,2.3383,2.4083
2018/12/10 16:07:00,PST,1.53,3.5667,2.515,2.0233,2.62,2.3717,2.2721,2.4933,2.2933,2.18
2018/12/10 16:08:00,PST,16.2083,4.0667,3.8683,3.83,2.7967,2.3317,1.795,2.4033,2.655,2.1733
2018/12/10 16:09:00,PST,2.4217,4.36,3.45,1.465,3.3983,1.7317,2.2,2.5383,2.1683,2.2683
2018/12/10 16:10:00,PST,1.4117,3.9983,2.6167,2.715,3.0033,2.395,2.1783,2.4533,2.3367,2.0883
2018/12/10 16:11:00,PST,3.2167,4.5917,4.0517,2.1917,3.06,4.1083,2.4367,2.365,1.7483,2.1767
2018/12/10 16:12:00,PST,13.92,4.3283,2.155,2.555,3.24,1.9033,2.4933,2.3433,1.6883,2.17
2018/12/10 16:13:00,PST,1.8217,5.2967,5.0183,3.0967,2.965,1.815,2.025,2.5183,2.47,1.9517
2018/12/10 16:14:00,PST,2.6533,3.3,3.4383,1.715,3.025,2.0483,2.1017,2.4633,2.5017,2.1133
2018/12/10 16:15:00,PST,16.0183,4.7033,4.6117,2.3833,3.66,4.0467,2.4233,2.2467,2.16,2.3083
2018/12/10 16:16:00,PST,1.4233,4.0767,3.7133,1.895,2.775,1.9483,2.3167,2.5083,2.1983,2.155
2018/12/10 16:17:00,PST,2.2933,4.03,2.25,3.1533,3.0967,1.895,2.2517,2.0983,2.145,1.9733
2018/12/10 16:18:00,PST,16.2217,4.315,4.1583,3.6317,2.8983,2.06,2.9733,2.07,2.3817,2.2883
2018/12/10 16:19:00,PST,1.5717,6.38,2.64,1.5783,2.9433,4.53,2.14,2.0017,2.2883,2.5183
2018/12/10 16:20:00,PST,2.6633,3.53,3.7567,3.0733,2.7367,2.695,2.5817,1.91,2.3183,2.4267
2018/12/10 16:21:00,PST,15.0383,5.785,3.2217,1.7,2.68,2.1183,2.355,2.1667,4.76,2.395
2018/12/10 16:22:00,PST,1.4767,3.8183,3.0633,2.9217,2.7367,5.1183,2.375,1.9267,1.5667,2.235
2018/12/10 16:23:00,PST,3.3683,6.4783,3.9933,2.3383,2.72,3.2683,2.1083,2.1567,1.8133,1.9883
2018/12/10 16:24:00,PST,16.0117,4.1617,3.54,2.1717,2.7083,3.1933,2.225,2.1717,2.1133,2.3533
2018/12/10 16:25:00,PST,12.845,6.25,4.28,2.6767,2.735,1.6733,2.2467,1.935,1.8433,2.165
2018/12/10 16:26:00,PST,5.6933,3.7483,2.6967,2.01,2.495,1.71,2.4433,1.9233,1.57,2.2817
2018/12/10 16:27:00,PST,14.6383,5.865,3.4533,2.685,2.6583,4.3033,2.4317,2.465,1.6817,2.0967
2018/12/10 16:28:00,PST,1.5083,4.465,4.1967,2.1817,2.65,1.7433,2.2967,1.905,1.7383,1.9717
2018/12/10 16:29:00,PST,6.36,5.0533,2.715,2.1017,2.7133,1.825,2.0383,2.0333,1.83,2.1067
2018/12/10 16:30:00,PST,8.5583,3.905,3.9967,2.8583,2.4733,1.8733,2.2683,3.58,1.82,2.845
2018/12/10 16:31:00,PST,16.075,4.68,2.105,1.4217,2.6717,2.5683,2.385,2.4017,1.7767,2.0083
2018/12/10 16:32:00,PST,6.77,5.1117,6.5267,2.4217,2.7217,4.505,2.2783,2.5783,1.425,2.265
2018/12/10 16:33:00,PST,12.4767,5.98,2.885,1.9683,2.7667,2.42,2.3283,2.3917,1.7567,2.15
2018/12/10 16:34:00,PST,1.4783,4.0033,3.265,2.285,2.7617,2.52,2.2633,2.53,1.6567,2.2017
2018/12/10 16:35:00,PST,8.9667,5.495,3.9533,1.8983,2.6017,5.9867,2.4283,2.38,2.07,2.1483
2018/12/10 16:36:00,PST,10.71,3.9067,1.5667,1.6017,2.4917,3.16,2.485,2.35,1.8717,2.2067
2018/12/10 16:37:00,PST,1.5517,5.06,4.6,2.8683,2.7733,5.2383,2.385,2.3667,1.6817,2.1
2018/12/10 16:38:00,PST,11.5483,5.4667,2.9517,2.3167,3.275,3.5517,2.4033,2.49,1.8967,2.1133
2018/12/10 16:39:00,PST,9.3383,5.365,3.4733,2.1933,2.945,4.9767,1.815,2.35,1.655,2.36
2018/12/10 16:40:00,PST,17.365,3.6117,3.5883,1.745,2.5067,4.4217,2.435,2.4,1.925,2.015
2018/12/10 16:41:00,PST,1.6583,3.7317,2.47,1.7033,2.6733,3.0917,2.3117,2.435,1.9583,2.1317
2018/12/10 16:42:00,PST,1.77,5.2,5.94,2.6683,2.4133,4.3983,2.205,2.5517,1.6017,2.1467
2018/12/10 16:43:00,PST,17.2217,3.8867,2.1467,3.595,2.6183,2.2433,2.385,2.4117,1.9333,1.9583
2018/12/10 16:44:00,PST,1.4633,3.785,4.3633,3.23,2.5167,5.14,2.0967,2.5767,1.755,2.1933
2018/12/10 16:45:00,PST,1.4433,3.2767,4.1,1.865,2.775,2.3683,2.185,2.4267,2.2317,2.215
2018/12/10 16:46:00,PST,17.9933,4.7967,2.9533,2.0817,2.4717,3.6267,2.4533,2.475,2.0767,2.295
2018/12/10 16:47:00,PST,1.765,4.9483,3.99,2.2767,2.9317,2.33,2.3717,2.4133,1.8633,2.1967
2018/12/10 16:48:00,PST,1.595,5.2283,2.0067,1.9617,2.5967,3.4433,2.1567,2.1033,1.7383,2.1067
2018/12/10 16:49:00,PST,18.3283,4.3867,4.51,2.7333,2.6633,1.6033,2.265,2.0267,1.88,2.3517
2018/12/10 16:50:00,PST,1.405,3.67,4.77,2.6117,2.5733,1.8333,2.3683,2.005,2.0317,2.2783
2018/12/10 16:51:00,PST,1.5133,6.9167,3.2683,2.0933,2.6167,3.9033,2.1917,2.0067,1.925,2.4233
2018/12/10 16:52:00,PST,17.7417,3.3083,3.9583,2.295,2.4517,1.7233,2.4683,2.0917,1.8017,1.8833
2018/12/10 16:53:00,PST,1.93,5.65,2.5067,1.6317,2.7583,1.73,2.3533,2.1133,1.7967,1.985
2018/12/10 16:54:00,PST,2.7067,4.4217,4.15,2.8133,2.68,1.725,1.9417,2.185,1.8733,2.1733
2018/12/10 16:55:00,PST,18.6383,3.245,2.1783,1.7867,2.5783,1.4167,2.28,2.01,1.96,2.3183
2018/12/10 16:56:00,PST,11.0733,4.2467,3.7933,2.73,2.6317,4.335,2.1667,1.835,1.7617,2.3533
2018/12/10 16:57:00,PST,7.8283,5.0,2.9417,2.2767,2.65,1.625,2.4967,2.465,1.8683,2.1483
2018/12/10 16:58:00,PST,1.5467,3.7617,3.245,2.1467,2.4733,1.775,2.43,1.8983,1.6533,2.2467
2018/12/10 16:59:00,PST,1.8417,3.9633,5.7867,2.445,2.675,1.7233,2.0667,2.0833,1.9617,2.2183
2018/12/10 17:00:00,PST,14.605,4.6117,1.9783,2.3833,2.675,1.79,2.2383,2.2717,1.8317,2.33
2018/12/10 17:01:00,PST,1.6733,3.8467,4.3317,3.0117,2.9183,4.9433,2.7817,2.6317,2.0117,2.3033
2018/12/10 17:02:00,PST,1.48,4.9433,3.645,2.865,2.7917,2.0083,2.4017,2.4333,1.9817,2.5483
2018/12/10 17:03:00,PST,13.7367,6.1417,3.5217,1.8217,3.8983,2.4033,2.2917,2.435,1.885,2.4033
2018/12/10 17:04:00,PST,6.14,5.2267,3.44,4.215,2.525,2.1083,2.2567,2.555,1.895,2.3933
2018/12/10 17:05:00,PST,1.415,4.5067,2.5517,1.765,2.7983,2.1983,2.35,2.2967,1.9967,2.3467
2018/12/10 17:06:00,PST,1.4783,4.1017,3.9917,2.9983,2.6,4.93,2.3583,2.2783,1.8967,2.1783
2018/12/10 17:07:00,PST,17.9717,5.2733,1.8217,1.895,2.8167,2.2367,2.1517,2.4683,1.975,2.7933
2018/12/10 17:08:00,PST,7.6633,4.395,3.9967,2.8867,3.0033,2.425,3.2533,3.6167,1.7283,2.2017
2018/12/10 17:09:00,PST,12.195,3.785,4.9833,2.48,3.1433,1.8167,2.0383,2.3067,1.9617,2.155
2018/12/10 17:10:00,PST,15.6833,4.885,3.0533,3.3667,3.31,3.5317,2.3233,2.475,1.7317,2.1217
2018/12/10 17:11:00,PST,2.4133,5.1567,3.2417,3.1067,3.0117,2.07,2.1683,2.3817,1.92,2.42
2018/12/10 17:12:00,PST,1.71,3.9633,2.305,3.28,3.05,1.9033,2.3667,2.38,1.76,2.2283
2018/12/10 17:13:00,PST,17.67,4.7483,4.2583,2.675,3.2533,1.47,2.395,2.4267,1.9117,2.1433
2018/12/10 17:14:00,PST,1.5333,4.2967,2.5233,5.165,3.1083,3.56,2.17,2.41,1.715,2.275
2018/12/10 17:15:00,PST,1.47,3.5383,3.8717,1.85,2.8883,1.8967,2.1067,2.2467,1.8483,2.4367
2018/12/10 17:16:00,PST,17.275,3.2317,3.2417,3.155,2.5783,1.75,2.4817,2.3433,1.9717,2.1433
2018/12/10 17:17:00,PST,1.53,6.0217,3.9633,2.8783,2.8267,1.7867,2.1167,2.1467,1.9233,2.05
2018/12/10 17:18:00,PST,1.5583,4.3517,6.1917,2.665,2.66,4.0583,2.7867,1.9567,1.9433,2.1417
2018/12/10 17:19:00,PST,17.3033,4.6583,2.085,2.1233,2.6367,1.9333,2.7167,2.05,1.4483,2.2383
2018/12/10 17:20:00,PST,1.4283,3.635,3.9617,1.8067,2.45,2.3317,2.47,2.2617,2.125,2.1933
2018/12/10 17:21:00,PST,1.4383,3.705,2.5,3.215,2.8667,1.645,2.1967,2.0283,2.0533,2.3667
2018/12/10 17:22:00,PST,16.9483,5.3017,3.47,1.5133,2.4733,1.6917,2.4917,2.085,1.555,2.13
2018/12/10 17:23:00,PST,1.4967,3.941,3.4767,2.025,2.5283,1.3833,2.58,1.9983,1.865,2.165
2018/12/10 17:24:00,PST,1.47,3.8525,2.7883,2.9617,2.66,3.4833,2.8483,2.1467,1.8167,2.2767
2018/12/10 17:25:00,PST,17.4717,4.375,4.1867,1.55,2.62,1.7517,2.155,2.0033,1.9233,2.1433
2018/12/10 17:26:00,PST,1.5167,4.2917,2.4133,2.6883,3.5183,1.795,2.3333,2.0167,1.6167,2.15
2018/12/10 17:27:00,PST,1.475,5.4667,4.14,1.3933,2.54,1.6667,2.2917,2.3417,1.5233,2.2033
2018/12/10 17:28:00,PST,16.225,4.9167,5.5083,2.4283,2.69,1.6217,2.6283,2.0933,1.6967,2.0117
2018/12/10 17:29:00,PST,1.59,5.2833,3.3583,2.0767,2.7717,3.9533,2.2383,1.9833,1.845,2.1067
2018/12/10 17:30:00,PST,1.7017,5.38,4.3733,2.0083,2.2867,2.0583,2.165,2.09,1.725,2.2067
2018/12/10 17:31:00,PST,16.05,4.0639,2.7067,2.1833,2.6217,2.45,2.3083,2.475,1.6883,2.05
2018/12/10 17:32:00,PST,1.6017,3.2183,4.6267,1.4267,2.7617,2.0783,2.2483,2.5367,1.3333,2.1817
2018/12/10 17:33:00,PST,1.98,3.8186,2.9483,2.5833,2.8817,2.3383,2.4383,2.5017,2.0133,2.0683
2018/12/10 17:34:00,PST,15.255,3.49,3.9483,3.505,2.5217,3.8667,2.565,2.5317,1.6617,2.1833
2018/12/10 17:35:00,PST,1.49,3.825,3.81,1.8233,2.625,2.0133,2.3067,2.3933,2.2867,2.235
2018/12/10 17:36:00,PST,2.3817,5.5283,2.6683,3.0567,2.4,2.2033,2.2833,2.47,2.2267,2.195
2018/12/10 17:37:00,PST,14.9083,3.3115,7.1083,1.3683,2.45,2.3467,2.2867,2.385,2.0667,2.0083
2018/12/10 17:38:00,PST,1.5417,3.678,2.6033,3.505,2.5567,2.3817,2.3,2.4817,2.2967,2.0317
2018/12/10 17:39:00,PST,3.0833,5.63,4.2633,1.815,2.585,3.48,2.4267,2.49,1.9783,2.1883
2018/12/10 17:40:00,PST,14.4783,5.155,3.0633,3.335,2.4667,1.86,2.3717,2.5767,1.805,2.1483
2018/12/10 17:41:00,PST,1.28,3.3233,3.0417,2.9667,2.4317,1.5283,2.0717,2.4867,1.7067,2.1667
2018/12/10 17:42:00,PST,6.3367,4.0533,3.7117,2.1467,2.5283,1.4067,2.3233,2.56,1.65,2.1717
2018/12/10 17:43:00,PST,15.505,5.34,2.5117,2.2167,2.6383,1.59,2.4283,2.4783,2.0967,2.0567
2018/12/10 17:44:00,PST,15.365,3.3617,6.8583,3.6783,2.5883,1.6733,2.3367,2.335,2.0633,1.9383
2018/12/10 17:45:00,PST,2.0717,3.51,2.545,3.4517,2.63,3.2117,2.4067,2.5433,1.7533,2.8483
2018/12/10 17:46:00,PST,1.3967,3.9417,3.595,2.9083,2.3033,1.3683,2.0483,2.5667,1.9567,2.0417
2018/12/10 17:47:00,PST,16.15,4.1098,4.6883,2.5017,2.6617,1.8067,2.1867,3.455,1.6283,2.1483
2018/12/10 17:48:00,PST,1.6267,4.0424,3.8233,3.0883,2.6633,1.4667,3.3817,1.9183,2.28,2.0733
2018/12/10 17:49:00,PST,1.5217,4.518,4.7467,1.7833,2.73,1.895,2.3467,1.98,2.18,2.1767
2018/12/10 17:50:00,PST,15.8117,3.5373,2.3567,3.7867,2.3933,1.4033,2.5983,1.9317,2.0467,2.1667
2018/12/10 17:51:00,PST,1.4083,4.0683,3.8883,2.1683,2.95,1.9867,1.76,2.1767,1.5983,2.505
2018/12/10 17:52:00,PST,1.7167,4.7443,5.2917,2.0,2.4367,4.3417,2.285,1.8783,1.6633,1.955
2018/12/10 17:53:00,PST,16.6,4.3576,3.32,2.9,3.3183,1.3383,2.335,2.035,2.015,2.075
2018/12/10 17:54:00,PST,1.5167,4.5233,4.2533,2.855,2.49,1.6667,2.515,1.945,2.255,2.1967
2018/12/10 17:55:00,PST,1.42,3.6721,1.9167,2.8133,2.5967,1.6867,2.3417,2.1417,2.0617,2.11
2018/12/10 17:56:00,PST,1.4983,3.9254,4.3617,2.7367,2.47,3.3533,2.255,2.155,1.6217,2.135
2018/12/10 17:57:00,PST,4.145,3.6367,2.4183,2.2233,2.6083,1.5767,2.0967,2.1667,1.4717,2.275
2018/12/10 17:58:00,PST,14.025,4.8867,3.7167,2.8083,2.4817,1.7533,2.5717,2.23,2.27,1.9467
2018/12/10 17:59:00,PST,1.4633,3.935,6.3333,2.55,2.6533,3.5683,2.1617,2.1383,1.9583,2.1
2018/12/10 18:00:00,PST,1.6667,3.8533,2.4633,4.0983,2.5417,1.715,2.5217,2.2583,2.0883,2.3283
2018/12/10 18:01:00,PST,14.025,5.1377,4.8867,1.88,2.9517,2.325,2.545,2.6933,1.775,2.3483
2018/12/10 18:02:00,PST,2.1017,5.275,3.2367,2.7483,2.6633,2.4883,2.1883,2.705,1.6233,2.36
2018/12/10 18:03:00,PST,1.5367,4.478,4.4217,2.33,2.73,4.7417,2.345,2.4867,2.0083,2.1583
2018/12/10 18:04:00,PST,2.9483,4.1983,3.37,1.5383,2.685,1.75,2.5067,2.285,2.3267,2.6267
2018/12/10 18:05:00,PST,12.455,5.1617,3.3333,2.5767,2.6683,2.0417,2.57,2.5267,2.5,2.2133
2018/12/10 18:06:00,PST,1.7533,4.2133,3.4,1.9083,2.5283,4.1533,2.4467,2.16,2.155,2.4333
2018/12/10 18:07:00,PST,1.4367,3.4639,3.2246,3.55,2.4317,1.995,2.075,2.4583,2.2717,2.2383
2018/12/10 18:08:00,PST,14.1983,5.0441,5.317,2.6183,2.875,2.2017,2.2367,2.2617,2.22,2.155
2018/12/10 18:09:00,PST,2.2733,4.4667,2.5833,1.9167,3.6167,1.465,2.2833,2.345,2.445,2.2167
2018/12/10 18:10:00,PST,1.3967,4.8583,3.6433,4.4117,2.8467,1.5467,2.65,2.3783,2.2667,2.145
2018/12/10 18:11:00,PST,16.77,4.2333,3.3817,2.0483,2.795,3.67,2.13,2.3717,2.2817,2.2733
2018/12/10 18:12:00,PST,2.0883,5.2583,2.7283,2.2933,3.01,1.4367,1.865,2.66,1.9517,2.1667
2018/12/10 18:13:00,PST,1.6317,4.9567,4.2183,2.01,2.8033,1.8017,2.2517,2.3833,2.2383,2.1117
2018/12/10 18:14:00,PST,13.72,4.9583,2.1667,3.585,2.9017,1.5467,2.4983,2.2367,2.435,2.26
2018/12/10 18:15:00,PST,4.225,3.1066,3.8883,3.7017,3.1517,3.6467,2.3867,2.2833,2.21,2.2417
2018/12/10 18:16:00,PST,1.39,4.6441,5.2283,1.5633,2.475,1.3983,2.3417,2.6117,1.9633,2.1217
2018/12/10 18:17:00,PST,14.53,5.4733,3.25,3.2767,3.1853,1.5733,1.795,2.06,1.75,2.225
2018/12/10 18:18:00,PST,5.3067,3.2983,3.415,2.7333,2.9644,1.8617,2.32,2.1233,2.3617,2.2633
2018/12/10 18:19:00,PST,14.75,4.1033,2.8383,1.8367,2.4133,1.61,2.2683,1.9917,2.4183,2.1933
2018/12/10 18:20:00,PST,14.6483,5.0767,5.6283,3.4667,2.5317,3.7517,2.6967,2.015,2.7067,2.2783
2018/12/10 18:21:00,PST,3.0517,4.8267,2.4167,2.485,2.6733,1.9233,2.3233,1.9067,1.8967,2.1983
2018/12/10 18:22:00,PST,1.3833,5.5607,3.76,2.595,2.5367,1.6233,2.03,2.05,1.8233,2.6017
2018/12/10 18:23:00,PST,16.4683,7.8509,3.8033,2.595,2.5283,1.5183,2.25,2.0517,2.625,1.94
2018/12/10 18:24:00,PST,6.0667,3.3017,2.5883,3.205,2.605,3.2433,2.4267,2.175,3.9617,2.1067
2018/12/10 18:25:00,PST,11.9633,4.1295,6.4517,2.365,2.575,1.5433,2.4467,2.0167,1.6417,2.1467
2018/12/10 18:26:00,PST,1.5417,5.8305,2.2717,2.2217,2.435,1.575,2.2483,2.13,1.3233,2.11
2018/12/10 18:27:00,PST,6.0367,4.4984,3.8918,3.085,2.9517,1.6283,2.0617,2.915,1.595,2.3967
2018/12/10 18:28:00,PST,11.6583,5.0339,3.2339,2.1817,2.545,4.5567,2.2617,2.1283,1.7283,1.925
2018/12/10 18:29:00,PST,1.5083,4.835,3.545,2.0717,2.4383,1.52,2.3,1.8717,2.08,2.2667
2018/12/10 18:30:00,PST,9.6,4.9783,3.275,2.39,2.6317,1.9517,2.515,2.175,1.7967,2.215
2018/12/10 18:31:00,PST,9.405,5.5492,2.3167,1.4417,2.4917,4.4533,2.3167,2.2583,1.8133,2.0217
2018/12/10 18:32:00,PST,1.5483,4.2533,4.6383,2.5083,2.615,2.68,2.7633,2.56,1.5767,2.1717
2018/12/10 18:33:00,PST,10.9983,4.8559,4.9817,1.6483,2.625,1.9617,2.2533,2.3883,1.9583,2.1917
2018/12/10 18:34:00,PST,6.675,4.6283,3.6567,2.0717,2.6433,3.9233,2.555,2.4917,1.9717,2.165
2018/12/10 18:35:00,PST,1.5167,3.7295,3.68,2.2533,2.5233,2.13,2.2967,2.36,1.8283,2.2133
2018/12/10 18:36:00,PST,12.715,3.1949,2.3267,3.095,2.465,2.21,2.56,2.445,1.9717,2.0667
2018/12/10 18:37:00,PST,4.8,4.959,4.3133,2.2383,2.5667,1.9483,1.91,2.36,1.755,2.135
2018/12/10 18:38:00,PST,1.64,3.8102,2.3333,3.28,2.43,5.115,2.2383,2.2817,2.04,2.035
2018/12/10 18:39:00,PST,15.4,3.6344,4.015,2.905,2.5017,1.87,2.435,2.4233,1.575,2.205
2018/12/10 18:40:00,PST,2.6967,5.9203,3.582,1.7717,2.4333,1.845,2.4867,2.2,1.9317,2.1017
2018/12/10 18:41:00,PST,1.5867,3.88,3.0533,2.14,2.5683,1.8367,2.38,2.3817,1.9917,2.0933
2018/12/10 18:42:00,PST,17.4517,2.475,5.9542,2.62,2.72,4.2967,2.09,2.605,1.41,2.125
2018/12/10 18:43:00,PST,1.7467,5.0283,2.225,1.735,2.56,1.715,2.365,2.4617,1.915,2.1383
2018/12/10 18:44:00,PST,2.0533,4.4817,4.6983,3.0383,2.4417,1.85,2.3517,2.5867,1.7867,2.0467
2018/12/10 18:45:00,PST,19.84,3.2393,2.3689,3.335,2.6283,3.9017,2.5067,2.365,1.6017,2.2333
2018/12/10 18:46:00,PST,8.48,5.2898,3.635,2.1017,2.5067,1.755,2.335,2.4133,1.88,2.26
2018/12/10 18:47:00,PST,7.885,4.6771,3.4667,4.33,2.682,4.185,2.055,2.2083,1.8517,2.065
2018/12/10 18:48:00,PST,1.7183,3.3322,2.8864,1.9767,3.2288,1.6917,2.3867,1.925,1.8283,2.1217
2018/12/10 18:49:00,PST,12.5267,5.1017,4.675,2.7467,2.4683,4.0867,2.325,2.0317,1.6467,2.2533
2018/12/10 18:50:00,PST,6.9633,4.4183,4.7262,2.8333,2.4383,1.7233,2.4333,1.9133,2.61,2.1983
2018/12/10 18:51:00,PST,1.51,3.4833,4.2136,2.8817,3.0833,1.5483,2.5817,2.2333,2.655,2.185
2018/12/10 18:52:00,PST,13.975,3.4066,4.4817,8.9583,2.39,4.5617,1.905,2.04,2.2683,2.11
2018/12/10 18:53:00,PST,5.175,5.4117,3.2133,2.3783,2.6533,2.045,2.2217,2.1917,2.1,2.0733
2018/12/10 18:54:00,PST,17.3233,3.1017,4.1683,3.3983,2.5017,1.8933,2.4183,2.04,1.9017,2.29
2018/12/10 18:55:00,PST,1.3767,4.5869,1.9417,2.1617,2.745,4.1117,2.385,2.0133,1.9367,2.1683
2018/12/10 18:56:00,PST,1.5017,4.4051,4.4567,2.3767,2.4417,1.75,2.755,2.0633,2.0133,2.1267
2018/12/10 18:57:00,PST,17.23,3.0098,4.9918,2.5667,2.64,4.1333,1.8967,1.945,1.7,2.2183
2018/12/10 18:58:00,PST,1.9033,4.4525,3.6712,2.9967,2.5617,2.005,2.2117,2.75,1.8033,2.0733
2018/12/10 18:59:00,PST,1.6067,4.4067,3.9183,3.0467,2.4867,1.7683,2.5617,2.01,1.9467,2.1233
2018/12/10 19:00:00,PST,7.3083,4.36,2.525,2.3933,2.405,3.5933,2.8383,2.0367,1.5517,2.9167
2018/12/10 19:01:00,PST,9.36,3.7148,5.4867,2.735,2.5883,2.5467,2.6033,2.615,1.88,2.1617
2018/12/10 19:02:00,PST,1.4083,5.3817,3.195,2.4017,2.8433,5.7817,1.97,2.685,1.54,2.2433
2018/12/10 19:03:00,PST,1.6733,3.1627,3.81,2.0717,2.8417,2.3233,2.3683,2.2617,2.25,2.2833
2018/12/10 19:04:00,PST,16.285,3.75,5.875,2.6917,2.5083,1.965,2.4033,2.3867,1.8617,2.4033
2018/12/10 19:05:00,PST,2.13,4.195,2.9067,2.3,2.6633,5.18,2.6933,2.6833,2.24,2.4483
2018/12/10 19:06:00,PST,1.5017,5.2016,4.2067,4.4417,2.5317,2.1267,2.5367,3.0867,2.1517,2.485
2018/12/10 19:07:00,PST,1.4683,4.565,2.18,2.685,2.6433,1.7967,1.7417,2.5017,1.5683,1.9367
2018/12/10 19:08:00,PST,1.69,4.1322,4.145,3.5283,2.7983,2.3367,2.2367,2.3333,2.0233,2.225
2018/12/10 19:09:00,PST,17.1933,3.76,2.855,2.8883,2.9933,1.32,2.44,2.5867,1.9917,2.3967
2018/12/10 19:10:00,PST,1.41,5.9717,3.4233,1.5417,2.9033,3.57,2.49,2.43,1.9017,2.055
2018/12/10 19:11:00,PST,1.4367,4.3733,6.1733,2.7283,2.9367,1.5533,2.41,2.425,1.8783,2.2817
2018/12/10 19:12:00,PST,6.81,3.4133,1.715,2.1867,2.99,1.5217,2.0167,2.495,1.7167,2.2733
2018/12/10 19:13:00,PST,9.4883,3.9,4.4787,2.2667,3.0767,1.31,2.3433,2.3567,2.1667,2.1383
2018/12/10 19:14:00,PST,1.7317,3.6262,3.0407,3.2533,2.93,1.415,3.2,2.315,1.7367,2.3133
2018/12/10 19:15:00,PST,1.9267,4.1068,3.65,2.4517,3.6283,1.2867,2.4183,2.205,1.935,2.315
2018/12/10 19:16:00,PST,18.215,4.8283,4.0617,2.9867,2.39,2.695,2.38,2.33,1.74,2.1383
2018/12/10 19:17:00,PST,1.47,4.2967,3.0,2.905,2.73,2.24,1.9317,2.1633,2.045,2.0867
2018/12/10 19:18:00,PST,1.6083,4.2271,6.9733,2.7067,2.805,1.84,2.3417,1.9033,1.9617,2.15
2018/12/10 19:19:00,PST,16.27,4.625,2.94,1.7483,2.49,1.59,2.415,2.01,2.0067,2.1783
2018/12/10 19:20:00,PST,1.6317,4.16,4.1817,1.86,2.5517,2.1033,2.4333,2.0567,2.1367,2.3383
2018/12/10 19:21:00,PST,1.7433,4.1,3.4883,3.0567,2.835,1.8317,2.5667,2.015,2.05,2.22
2018/12/10 19:22:00,PST,17.1867,4.92,2.96,1.6767,2.44,4.2917,1.7933,2.055,1.77,2.08
2018/12/10 19:23:00,PST,1.6983,3.5262,7.5672,2.0317,2.6733,1.39,2.5,1.9967,2.2483,2.0617
2018/12/10 19:24:00,PST,2.4917,3.439,3.1217,2.2567,2.5333,1.7967,2.4183,1.895,1.9133,2.2883
2018/12/10 19:25:00,PST,16.4183,3.8233,4.0508,2.1917,2.9867,1.5133,2.545,2.025,1.78,2.16
2018/12/10 19:26:00,PST,1.2983,5.1017,3.5917,3.18,2.4883,3.32,2.7183,1.9233,1.6783,2.0917
2018/12/10 19:27:00,PST,5.3,4.565,3.2733,1.9583,2.6017,1.7783,1.9833,2.23,1.44,2.1117
2018/12/10 19:28:00,PST,13.4033,3.7934,4.6583,2.04,2.435,1.8683,2.3467,2.315,1.8667,2.08
2018/12/10 19:29:00,PST,1.43,3.605,4.7167,2.3733,2.695,3.9567,2.6,2.0167,2.0617,2.13
2018/12/10 19:30:00,PST,7.9217,3.5559,4.1484,2.1783,2.4567,1.805,2.4717,2.0,1.6167,2.325
2018/12/10 19:31:00,PST,12.035,6.5049,3.4067,2.215,2.5967,2.4,2.4467,2.3617,1.4117,2.155
2018/12/10 19:32:00,PST,1.455,3.6383,3.5783,1.87,2.71,2.595,2.065,2.6,1.6033,1.9383
2018/12/10 19:33:00,PST,9.0667,3.7559,4.3833,2.9867,2.75,4.0517,2.0767,2.2933,2.2883,2.315
2018/12/10 19:34:00,PST,9.8983,3.85,3.1117,2.4383,2.655,2.2217,2.4517,2.3433,2.26,2.13
2018/12/10 19:35:00,PST,1.4033,4.5951,5.585,1.9467,2.6,2.1117,2.4133,2.2667,1.9417,2.2183
2018/12/10 19:36:00,PST,8.8933,4.0,3.1083,2.54,2.445,5.0583,2.4133,2.2867,2.0133,2.045
2018/12/10 19:37:00,PST,9.63,3.5333,3.7426,1.6883,2.7317,2.4017,2.245,2.3567,2.015,2.1367
2018/12/10 19:38:00,PST,1.6267,3.2967,4.4644,2.8417,2.375,2.36,1.94,2.3733,1.7967,2.5933
2018/12/10 19:39:00,PST,6.11,4.2203,2.7283,1.995,2.5233,4.5833,2.0817,2.3783,2.2417,2.2917
2018/12/10 19:40:00,PST,12.72,3.3567,6.8917,2.1567,2.5883,1.5133,2.38,2.22,2.0233,2.01
2018/12/10 19:41:00,PST,1.3417,3.6443,2.6517,2.53,3.2567,1.5017,2.4017,2.4133,2.0383,2.1233
2018/12/10 19:42:00,PST,7.8283,4.4102,3.79,1.95,2.4733,1.5567,2.3867,2.7083,1.485,2.295
2018/12/10 19:43:00,PST,9.3617,3.7721,3.8833,2.5633,2.7115,1.6567,2.2767,2.2317,1.4917,1.9567
2018/12/10 19:44:00,PST,1.4817,3.1333,3.0933,2.3783,2.5288,4.135,2.515,3.4717,1.515,2.2417
2018/12/10 19:45:00,PST,10.8833,3.8746,4.0417,2.2867,2.7517,1.8583,2.3083,2.2433,1.4917,2.2217
2018/12/10 19:46:00,PST,7.69,3.4836,4.34,3.1533,2.43,1.6317,2.46,2.2967,1.405,2.1117
2018/12/10 19:47:00,PST,1.4933,3.4067,4.3767,2.3,2.5233,1.655,2.4217,2.3483,1.4083,1.98
2018/12/10 19:48:00,PST,12.94,3.9133,3.3467,2.3133,2.705,1.935,1.7983,1.9017,1.63,2.1483
2018/12/10 19:49:00,PST,4.29,4.0817,3.3033,1.2833,2.59,3.5667,2.475,1.9983,1.7417,2.3183
2018/12/10 19:50:00,PST,14.675,3.43,3.9213,2.8417,2.4167,1.5633,2.4983,2.0267,1.6567,2.3133
2018/12/10 19:51:00,PST,1.53,3.4833,2.005,1.7667,2.895,1.48,2.7083,2.0233,1.6633,2.2083
2018/12/10 19:52:00,PST,4.495,3.6509,4.5183,2.1867,2.595,1.57,2.3667,2.2283,1.61,2.075
2018/12/10 19:53:00,PST,13.3267,4.3213,4.8817,2.405,2.6417,1.6083,1.9067,2.0633,2.405,1.9517
2018/12/10 19:54:00,PST,1.4667,3.3567,3.6767,1.3633,2.6483,3.6683,3.25,1.9883,2.5883,2.2583
2018/12/10 19:55:00,PST,1.3867,3.3833,4.2917,2.095,2.5933,1.7783,2.3383,2.0533,2.2933,2.1117
2018/12/10 19:56:00,PST,6.085,5.665,3.3717,1.99,2.435,1.4683,2.49,2.1633,2.2033,2.0883
2018/12/10 19:57:00,PST,11.78,3.5661,4.155,2.3433,2.7567,1.59,2.22,1.9983,1.9783,2.205
2018/12/10 19:58:00,PST,1.595,3.9533,2.285,2.2333,2.32,3.9333,2.1117,2.3167,2.22,2.11
2018/12/10 19:59:00,PST,1.45,3.3443,6.3483,1.3333,2.715,1.9183,2.23,2.1867,2.1917,2.0967
2018/12/10 20:00:00,PST,1.7017,3.9661,2.9067,2.95,2.54,2.0867,2.7017,2.01,1.5083,2.2033
2018/12/10 20:01:00,PST,10.2683,3.7279,3.9883,1.6167,2.6317,2.7283,2.68,2.3967,1.7283,2.3317
2018/12/10 20:02:00,PST,8.555,3.3475,5.275,2.4183,2.865,4.82,2.2733,2.575,1.7083,2.315
2018/12/10 20:03:00,PST,1.56,3.6295,2.1533,1.98,2.9333,2.1817,2.49,2.255,2.2817,2.2683
2018/12/10 20:04:00,PST,1.515,3.078,4.7433,2.0733,2.575,2.4067,2.175,2.485,2.3833,2.4717
2018/12/10 20:05:00,PST,13.9883,3.2262,5.6767,3.0283,2.7417,4.745,2.72,2.23,2.3917,2.48
2018/12/10 20:06:00,PST,2.1033,3.6237,3.1967,1.545,2.6267,2.3783,2.3517,2.4367,2.1817,2.4233
2018/12/10 20:07:00,PST,1.3817,3.859,3.985,2.65,2.645,1.9133,2.51,2.3267,2.4633,2.1067
2018/12/10 20:08:00,PST,1.6767,4.0667,2.4917,2.5733,3.4483,2.5633,2.075,2.53,2.93,2.1367
2018/12/10 20:09:00,PST,1.4917,6.2203,4.3483,2.1967,3.1933,1.7617,2.03,2.265,2.2617,2.2633
2018/12/10 20:10:00,PST,15.2733,3.8328,2.265,2.69,2.8467,3.56,2.4633,2.3567,2.56,2.125
2018/12/10 20:11:00,PST,3.3217,3.0383,3.9283,1.6167,2.8183,1.78,2.46,2.4133,1.6717,2.1
2018/12/10 20:12:00,PST,1.3483,4.9373,5.4617,3.2833,2.9617,1.5133,2.3733,2.45,1.6617,2.455
2018/12/10 20:13:00,PST,1.475,3.515,2.6483,2.6517,2.9717,1.5033,2.3083,2.3567,3.8,1.945
2018/12/10 20:14:00,PST,1.5417,3.6426,4.8683,3.0933,3.005,2.0217,2.325,2.6267,1.7083,2.0883
2018/12/10 20:15:00,PST,1.5533,4.2644,2.28,2.82,2.8667,2.6983,2.3883,2.245,1.5183,2.4183
2018/12/10 20:16:00,PST,17.2883,3.2417,4.15,2.38,2.605,1.575,2.46,2.33,1.925,2.805
2018/12/10 20:17:00,PST,1.9317,3.359,3.8517,4.1167,2.695,1.6983,2.4933,2.33,1.7667,1.9733
2018/12/10 20:18:00,PST,1.445,4.1153,5.075,2.295,2.7783,1.7183,2.0783,2.17,1.6733,2.2783
2018/12/10 20:19:00,PST,1.675,4.51,4.2367,2.2217,2.6867,3.8133,2.13,1.7583,1.9867,2.0633
2018/12/10 20:20:00,PST,17.5717,3.8583,2.2133,2.955,2.4833,1.6283,2.485,1.9933,2.0467,2.1983
2018/12/10 20:21:00,PST,1.38,4.36,4.985,1.5433,2.6417,1.5467,2.6233,2.0833,1.4767,2.3383
2018/12/10 20:22:00,PST,1.295,3.5853,3.64,3.355,2.6417,1.4017,2.8883,2.075,1.585,1.9417
2018/12/10 20:23:00,PST,15.7667,5.2283,3.885,1.85,2.6917,1.5217,2.3133,1.915,1.4283,2.0583
2018/12/10 20:24:00,PST,1.59,4.4576,6.8367,2.005,2.7017,3.7067,2.0067,2.91,1.8383,2.1533
2018/12/10 20:25:00,PST,1.3167,3.6312,2.52,2.9467,2.62,1.3117,2.6433,1.7933,1.725,2.0233
2018/12/10 20:26:00,PST,16.0383,5.075,4.88,1.43,2.48,1.5867,2.5867,2.0,2.04,2.2183
2018/12/10 20:27:00,PST,1.4083,3.7915,3.8317,2.3767,2.57,3.6633,2.225,1.9483,1.8233,2.0467
2018/12/10 20:28:00,PST,1.635,3.223,4.2,1.4867,2.5267,1.43,2.39,2.475,1.7767,2.1133
2018/12/10 20:29:00,PST,16.1717,5.4667,4.1267,1.9867,2.6,1.705,2.045,2.0533,1.3633,2.1133
2018/12/10 20:30:00,PST,10.4867,3.9167,4.8683,1.8917,2.5917,3.385,2.4067,2.2333,1.7883,2.2117
2018/12/10 20:31:00,PST,8.155,3.3183,4.3083,1.6933,2.565,2.3433,2.4267,2.5567,1.3733,2.07
2018/12/10 20:32:00,PST,16.3067,5.1933,2.2683,1.9817,2.475,3.7267,2.48,2.6117,1.3233,1.9517
2018/12/10 20:33:00,PST,1.42,4.5814,4.1367,1.2467,2.8333,3.2167,2.1867,2.3317,1.9083,2.17
2018/12/10 20:34:00,PST,2.4017,4.818,3.1783,2.7367,3.5167,2.1617,2.9967,2.2133,1.96,2.185
2018/12/10 20:35:00,PST,14.545,4.1,3.82,1.6117,2.425,3.14,2.3767,2.2133,1.7967,2.195
2018/12/10 20:36:00,PST,1.4467,3.2217,4.6517,2.06,2.4367,3.135,2.2683,2.215,1.565,2.19
2018/12/10 20:37:00,PST,4.7667,3.4317,2.29,1.85,2.4283,2.275,2.5133,2.4217,1.64,2.1683
2018/12/10 20:38:00,PST,15.17,3.739,6.1167,1.74,2.625,3.88,2.2183,2.3483,2.0983,2.0817
2018/12/10 20:39:00,PST,1.3817,3.4683,3.3567,2.2883,2.4383,1.355,2.18,2.3117,1.86,2.2667
2018/12/10 20:40:00,PST,6.9433,4.177,3.4067,1.55,2.405,4.2317,2.2117,2.4667,1.6233,1.985
2018/12/10 20:41:00,PST,9.1867,2.845,4.5083,2.6317,2.5367,1.3333,2.42,2.3833,1.5483,2.1133
2018/12/10 20:42:00,PST,1.565,4.9797,2.1567,3.1183,2.4183,1.6317,2.3883,2.525,1.66,2.1733
2018/12/10 20:43:00,PST,10.625,4.5833,4.6867,1.8733,2.59,4.0967,2.4217,2.38,2.1883,2.0933
2018/12/10 20:44:00,PST,7.57,3.4541,2.86,2.41,2.605,1.3517,2.25,2.4217,1.9167,2.09
2018/12/10 20:45:00,PST,1.4883,4.1949,5.53,1.19,2.495,1.345,2.1067,2.3833,1.6733,2.31
2018/12/10 20:46:00,PST,15.5433,2.9984,3.7617,2.31,2.4083,1.2983,2.2733,2.4017,2.2283,2.12
2018/12/10 20:47:00,PST,2.9617,3.7933,2.5517,2.37,2.6417,3.405,2.3733,2.285,1.7817,1.9867
2018/12/10 20:48:00,PST,1.5217,3.8847,4.3333,2.5183,2.5917,1.36,2.26,1.9383,2.0083,2.155
2018/12/10 20:49:00,PST,15.2983,3.1933,2.3283,2.3533,2.7983,1.3967,2.425,2.2267,1.7917,2.1433
2018/12/10 20:50:00,PST,2.4183,3.2426,4.11,1.52,2.415,3.7817,2.01,1.9667,2.3067,2.145
2018/12/10 20:51:00,PST,1.4033,4.4814,3.115,2.5767,2.6183,1.33,2.55,2.98,2.1583,2.3683
2018/12/10 20:52:00,PST,11.0067,3.1082,3.1433,1.355,2.7383,1.66,2.6267,2.25,2.5717,2.1017
2018/12/10 20:53:00,PST,11.3183,4.8417,7.56,1.9967,2.5833,3.9767,2.42,2.2167,2.1567,1.8883
2018/12/10 20:54:00,PST,9.3017,3.7967,2.105,2.1817,2.6433,3.9633,2.47,1.8667,2.0067,2.6467
2018/12/10 20:55:00,PST,1.3867,3.4433,4.93,1.7167,2.3967,1.5117,2.2967,2.0733,2.1983,2.135
2018/12/10 20:56:00,PST,1.6283,6.5237,3.0583,2.7683,2.385,1.5767,2.2983,2.005,1.7933,2.08
2018/12/10 20:57:00,PST,1.4633,3.1467,3.465,1.2833,2.73,4.3267,2.57,1.9833,2.3717,2.1733
2018/12/10 20:58:00,PST,17.7367,2.7885,5.0583,3.015,2.47,1.7883,2.2817,2.0383,2.0167,1.945
2018/12/10 20:59:00,PST,2.1833,4.0102,5.3417,2.1833,2.59,3.25,2.2733,2.065,1.81,1.9667
2018/12/10 21:00:00,PST,1.5417,3.5483,3.7683,2.8133,2.4117,4.2267,2.5733,1.9233,1.7233,2.1867
2018/12/10 21:01:00,PST,2.4917,4.4984,3.655,2.0983,2.705,2.2617,2.6567,3.8233,2.375,2.345
2018/12/10 21:02:00,PST,16.18,5.4633,4.8417,1.6933,2.7317,2.1283,2.395,2.4383,1.8233,2.36
2018/12/10 21:03:00,PST,1.5817,3.9797,3.7967,2.9333,2.9596,3.7117,2.44,2.4633,2.0633,2.1861
2018/12/10 21:04:00,PST,1.475,2.9803,2.9883,2.3767,2.6533,2.1067,2.6833,2.4483,2.015,2.5033
2018/12/10 21:05:00,PST,11.245,4.1333,4.71,1.9417,3.3083,10.41,2.1167,2.32,1.8383,2.4733
2018/12/10 21:06:00,PST,7.53,3.4932,2.09,1.9167,2.43,3.855,2.4483,2.4,2.375,2.2967
2018/12/10 21:07:00,PST,1.3317,3.0262,6.3817,1.4817,2.5633,1.825,2.3667,2.2483,2.1383,2.1933
2018/12/10 21:08:00,PST,2.715,5.655,3.5583,2.3067,2.7667,1.95,2.4367,2.3083,2.2683,2.15
2018/12/10 21:09:00,PST,15.5883,5.4153,3.2933,1.585,3.065,1.7,2.535,2.3567,2.7283,2.0167
2018/12/10 21:10:00,PST,1.415,3.5902,4.04,2.1683,2.8667,4.9217,2.2317,2.3733,2.5133,2.1
2018/12/10 21:11:00,PST,1.6233,5.3667,2.065,1.7633,3.1367,1.4183,3.0083,2.5567,2.1833,2.2933
2018/12/10 21:12:00,PST,1.4367,5.217,4.4483,1.91,3.65,1.4817,2.3367,2.43,2.0033,2.145
2018/12/10 21:13:00,PST,8.6783,5.0133,2.71,2.6517,3.1883,4.6883,2.36,2.395,2.2967,2.4117
2018/12/10 21:14:00,PST,9.525,4.3738,3.9983,1.91,2.935,1.6733,2.54,2.4733,2.0933,2.2583
2018/12/10 21:15:00,PST,1.5817,4.3559,5.995,2.02,3.0183,1.7717,2.4717,2.4217,1.9733,2.4233
2018/12/10 21:16:00,PST,1.4817,4.0049,2.9167,1.9467,2.5483,4.1133,1.975,2.48,2.4133,2.095
2018/12/10 21:17:00,PST,10.73,3.7883,4.73,4.2483,2.4833,1.8517,2.4917,2.27,1.7567,1.9883
2018/12/10 21:18:00,PST,9.32,4.1817,2.62,4.6,2.6667,1.6033,2.5783,1.87,2.1233,2.1833
2018/12/10 21:19:00,PST,14.8267,5.31,4.2133,2.0383,2.5917,4.3417,2.5133,2.0283,2.0183,2.27
2018/12/10 21:20:00,PST,1.6033,4.865,3.4483,2.2483,2.4167,1.9583,2.605,2.0,2.515,2.1617
2018/12/10 21:21:00,PST,1.905,4.8633,3.1367,1.75,2.4583,3.19,2.1317,2.1867,3.2967,2.3083
2018/12/10 21:22:00,PST,15.9333,3.4917,6.6017,1.9983,2.715,1.4367,2.535,1.9383,3.79,1.95
2018/12/10 21:23:00,PST,1.66,4.9383,2.2317,2.305,2.5033,1.54,2.4183,2.1067,2.6133,2.1583
2018/12/10 21:24:00,PST,2.0717,4.28,4.6917,1.5567,2.4833,1.47,2.845,2.1733,2.3767,2.1783
2018/12/10 21:25:00,PST,15.3183,5.18,2.6583,2.0117,2.615,3.8583,2.48,2.1233,2.36,2.1567
2018/12/10 21:26:00,PST,1.5717,4.325,3.665,1.7217,2.4233,1.41,2.2083,1.9133,2.2983,2.0317
2018/12/10 21:27:00,PST,3.4967,4.4733,3.73,1.9983,2.5783,1.5317,2.2767,2.0167,2.1633,2.2067
2018/12/10 21:28:00,PST,3.4967,4.025,3.0633,1.995,2.4883,1.54,2.8017,1.9317,2.5717,1.935
2018/12/10 21:29:00,PST,3.4967,4.025,3.0633,1.995,2.4883,1.54,2.8017,1.9317,2.5717,1.935
